Workbook

Sheet All_India_Index_Upto_April23 (1
A1: Sector | B1: Year | C1: Month | D1: Cereals and products | E1: Meat and fish | F1: Egg | G1: Milk and products | H1: Oils and fats | I1: Fruits | J1: Vegetables | K1: Pulses and products | L1: Sugar and Confectionery | M1: Spices | N1: Non-alcoholic beverages | O1: Prepared meals, snacks, sweets etc. | P1: Food and beverages | Q1: Pan, tobacco and intoxicants | R1: Clothing | S1: Footwear | T1: Clothing and footwear | U1: Housing | V1: Fuel and light | W1: Household goods and services | X1: Health | Y1: Transport and communication | Z1: Recreation and amusement | AA1: Education | AB1: Personal care and effects | AC1: Miscellaneous | AD1: General index | AF1: CEREAL INFLATION
A2: Rural | B2: 2013 | C2: January | D2: 107.5 | E2: 106.3 | F2: 108.1 | G2: 104.9 | H2: 106.1 | I2: 103.9 | J2: 101.9 | K2: 106.1 | L2: 106.8 | M2: 103.1 | N2: 104.8 | O2: 106.7 | P2: 105.5 | Q2: 105.1 | R2: 106.5 | S2: 105.8 | T2: 106.4 | U2: 0 | V2: 105.5 | W2: 104.8 | X2: 104 | Y2: 103.3 | Z2: 103.4 | AA2: 103.8 | AB2: 104.7 | AC2: 104 | AD2: 105.1 | AF2: =(D3-D2)/D2*100 -> 2.7906977
A3: Urban | B3: 2013 | C3: January | D3: 110.5 | E3: 109.1 | F3: 113 | G3: 103.6 | H3: 103.4 | I3: 102.3 | J3: 102.9 | K3: 105.8 | L3: 105.1 | M3: 101.8 | N3: 105.1 | O3: 107.9 | P3: 105.9 | Q3: 105.2 | R3: 105.9 | S3: 105 | T3: 105.8 | U3: 100.3 | V3: 105.4 | W3: 104.8 | X3: 104.1 | Y3: 103.2 | Z3: 102.9 | AA3: 103.5 | AB3: 104.3 | AC3: 103.7 | AD3: 104 | AF3: =(D4-D3)/D3*100 -> -1.9004525
A4: Rural+Urban | B4: 2013 | C4: January | D4: 108.4 | E4: 107.3 | F4: 110 | G4: 104.4 | H4: 105.1 | I4: 103.2 | J4: 102.2 | K4: 106 | L4: 106.2 | M4: 102.7 | N4: 104.9 | O4: 107.3 | P4: 105.6 | Q4: 105.1 | R4: 106.3 | S4: 105.5 | T4: 106.2 | U4: 100.3 | V4: 105.5 | W4: 104.8 | X4: 104 | Y4: 103.2 | Z4: 103.1 | AA4: 103.6 | AB4: 104.5 | AC4: 103.9 | AD4: 104.6 | AF4: =(D5-D4)/D4*100 -> 0.73800738
A5: Rural | B5: 2013 | C5: February | D5: 109.2 | E5: 108.7 | F5: 110.2 | G5: 105.4 | H5: 106.7 | I5: 104 | J5: 102.4 | K5: 105.9 | L5: 105.7 | M5: 103.1 | N5: 105.1 | O5: 107.7 | P5: 106.3 | Q5: 105.6 | R5: 107.1 | S5: 106.3 | T5: 107 | U5: 0 | V5: 106.2 | W5: 105.2 | X5: 104.4 | Y5: 103.9 | Z5: 104 | AA5: 104.1 | AB5: 104.6 | AC5: 104.4 | AD5: 105.8 | AF5: =(D6-D5)/D5*100 -> 3.3882784
A6: Urban | B6: 2013 | C6: February | D6: 112.9 | E6: 112.9 | F6: 116.9 | G6: 104 | H6: 103.5 | I6: 103.1 | J6: 104.9 | K6: 104.1 | L6: 103.8 | M6: 102.3 | N6: 106 | O6: 109 | P6: 107.2 | Q6: 106 | R6: 106.6 | S6: 105.5 | T6: 106.4 | U6: 100.4 | V6: 105.7 | W6: 105.2 | X6: 104.7 | Y6: 104.4 | Z6: 103.3 | AA6: 103.7 | AB6: 104.3 | AC6: 104.3 | AD6: 104.7 | AF6: =(D7-D6)/D6*100 -> -2.214349
A7: Rural+Urban | B7: 2013 | C7: February | D7: 110.4 | E7: 110.2 | F7: 112.8 | G7: 104.9 | H7: 105.5 | I7: 103.6 | J7: 103.2 | K7: 105.3 | L7: 105.1 | M7: 102.8 | N7: 105.5 | O7: 108.3 | P7: 106.6 | Q7: 105.7 | R7: 106.9 | S7: 106 | T7: 106.8 | U7: 100.4 | V7: 106 | W7: 105.2 | X7: 104.5 | Y7: 104.2 | Z7: 103.6 | AA7: 103.9 | AB7: 104.5 | AC7: 104.4 | AD7: 105.3 | AF7: =(D8-D7)/D7*100 -> -0.18115942
A8: Rural | B8: 2013 | C8: March | D8: 110.2 | E8: 108.8 | F8: 109.9 | G8: 105.6 | H8: 106.2 | I8: 105.7 | J8: 101.4 | K8: 105.7 | L8: 105 | M8: 103.3 | N8: 105.6 | O8: 108.2 | P8: 106.6 | Q8: 106.5 | R8: 107.6 | S8: 106.8 | T8: 107.5 | U8: 0 | V8: 106.1 | W8: 105.6 | X8: 104.7 | Y8: 104.6 | Z8: 104 | AA8: 104.3 | AB8: 104.3 | AC8: 104.6 | AD8: 106 | AF8: =(D9-D8)/D8*100 -> 3.3575318
A9: Urban | B9: 2013 | C9: March | D9: 113.9 | E9: 111.4 | F9: 113.2 | G9: 104.3 | H9: 102.7 | I9: 104.9 | J9: 103.8 | K9: 103.5 | L9: 102.6 | M9: 102.4 | N9: 107 | O9: 109.8 | P9: 107.3 | Q9: 106.8 | R9: 107.2 | S9: 106 | T9: 107 | U9: 100.4 | V9: 106 | W9: 105.7 | X9: 105.2 | Y9: 105.5 | Z9: 103.5 | AA9: 103.8 | AB9: 104.2 | AC9: 104.9 | AD9: 105 | AF9: =(D10-D9)/D9*100 -> -2.1949078
A10: Rural+Urban | B10: 2013 | C10: March | D10: 111.4 | E10: 109.7 | F10: 111.2 | G10: 105.1 | H10: 104.9 | I10: 105.3 | J10: 102.2 | K10: 105 | L10: 104.2 | M10: 103 | N10: 106.2 | O10: 108.9 | P10: 106.9 | Q10: 106.6 | R10: 107.4 | S10: 106.5 | T10: 107.3 | U10: 100.4 | V10: 106.1 | W10: 105.6 | X10: 104.9 | Y10: 105.1 | Z10: 103.7 | AA10: 104 | AB10: 104.3 | AC10: 104.7 | AD10: 105.5 | AF10: =(D11-D10)/D10*100 -> -1.0771993
A11: Rural | B11: 2013 | C11: April | D11: 110.2 | E11: 109.5 | F11: 106.9 | G11: 106.3 | H11: 105.7 | I11: 108.3 | J11: 103.4 | K11: 105.7 | L11: 104.2 | M11: 103.2 | N11: 106.5 | O11: 108.8 | P11: 107.1 | Q11: 107.1 | R11: 108.1 | S11: 107.4 | T11: 108 | U11: 0 | V11: 106.5 | W11: 106.1 | X11: 105.1 | Y11: 104.4 | Z11: 104.5 | AA11: 104.8 | AB11: 102.7 | AC11: 104.6 | AD11: 106.4 | AF11: =(D12-D11)/D11*100 -> 3.9927405
A12: Urban | B12: 2013 | C12: April | D12: 114.6 | E12: 113.4 | F12: 106 | G12: 104.7 | H12: 102.1 | I12: 109.5 | J12: 109.7 | K12: 104.6 | L12: 102 | M12: 103.5 | N12: 108.2 | O12: 110.6 | P12: 108.8 | Q12: 108.5 | R12: 107.9 | S12: 106.4 | T12: 107.7 | U12: 100.5 | V12: 106.4 | W12: 106.5 | X12: 105.7 | Y12: 105 | Z12: 104 | AA12: 105.2 | AB12: 103.2 | AC12: 105.1 | AD12: 105.7 | AF12: =(D13-D12)/D12*100 -> -2.617801
A13: Rural+Urban | B13: 2013 | C13: April | D13: 111.6 | E13: 110.9 | F13: 106.6 | G13: 105.7 | H13: 104.4 | I13: 108.9 | J13: 105.5 | K13: 105.3 | L13: 103.5 | M13: 103.3 | N13: 107.2 | O13: 109.6 | P13: 107.7 | Q13: 107.5 | R13: 108 | S13: 107 | T13: 107.9 | U13: 100.5 | V13: 106.5 | W13: 106.3 | X13: 105.3 | Y13: 104.7 | Z13: 104.2 | AA13: 105 | AB13: 102.9 | AC13: 104.8 | AD13: 106.1 | AF13: =(D14-D13)/D13*100 -> -0.62724014
... A261: Urban | B261: 2020 | C261: April | D261: 151.8 | E261: 167.4 | F261: 151.9 | G261: 155.5 | H261: 131.6 | I261: 152.9 | J261: 180 | K261: 150.8 | L261: 121.2 | M261: 154 | N261: 133.5 | O261: 159.1 | P261: 153.5 | Q261: 170.7 | R261: 150.1 | S261: 139.8 | T261: 148.4 | U261: 155.6 | V261: 137.1 | W261: 145.3 | X261: 144.8 | Y261: 129.8 | Z261: 142.9 | AA261: 156 | AB261: 143.7 | AC261: 142.7 | AD261: 148.9 | AF261: =(D262-D261)/D261*100 -> -2.0421607
A262: Rural+Urban | B262: 2020 | C262: April | D262: 148.7 | E262: 167.3 | F262: 148.8 | G262: 155.6 | H262: 135.1 | I262: 149.9 | J262: 168.6 | K262: 150.4 | L262: 120.3 | M262: 157.1 | N262: 136.8 | O262: 159.2 | P262: 151.4 | Q262: 170.8 | R262: 150.5 | S262: 141 | T262: 149.1 | U262: 155.6 | V262: 144.1 | W262: 146.2 | X262: 150.7 | Y262: 130.3 | Z262: 143.8 | AA262: =AVERAGE(AA253:AA259) -> 156.6 | AB262: 144 | AC262: 143.5 | AD262: 149 | AF262: =(D263-D262)/D262*100 -> -2.3537323
A263: Rural | B263: 2020 | C263: May | D263: =AVERAGE(D251:D260) -> 145.2 | E263: 167.3 | F263: 151.1 | G263: 151.2 | H263: 130.9 | I263: 143 | J263: 175.3 | K263: 141.5 | L263: 114.4 | M263: 152.4 | N263: 136.2 | O263: 159 | P263: 151 | Q263: 170.5 | R263: 150.4 | S263: 140.9 | T263: 149 | U263: 0 | V263: 146 | W263: 146.2 | X263: 150.5 | Y263: 130.6 | Z263: 143.8 | AA263: 156.7 | AB263: 143.5 | AC263: 143.5 | AD263: 149.2 | AF263: =(D264-D263)/D263*100 -> 0.55096419
A264: Urban | B264: 2020 | C264: May | D264: 146 | E264: 167.3 | F264: 151.1 | G264: 151.7 | H264: 130.9 | I264: =AVERAGE(I252:I261) -> 144.1 | J264: 174.1 | K264: 142.5 | L264: 115.1 | M264: =AVERAGE(M252:M261) -> 152.7 | N264: 135.6 | O264: 159.1 | P264: 151 | Q264: 170.7 | R264: 150.1 | S264: 140.2 | T264: 148.6 | U264: 108.2 | V264: 144.7 | W264: 145.5 | X264: 150 | Y264: 130 | Z264: 143.1 | AA264: 156.1 | AB264: 143.7 | AC264: 143 | AD264: 148.9 | AF264: =(D265-D264)/D264*100 -> 0.20547945
A265: Rural+Urban | B265: 2020 | C265: May | D265: 146.3 | E265: 167.3 | F265: 150.2 | G265: 152.3 | H265: 131.8 | I265: =AVERAGE(I253:I264) -> 144.46667 | J265: 170.2 | K265: 143.6 | L265: 115.6 | M265: 153.3 | N265: 136.2 | O265: =AVERAGE(O253:O262) -> 159.19 | P265: 150.7 | Q265: 170.7 | R265: 150.5 | S265: 141.1 | T265: 149.1 | U265: =AVERAGE(U253:U262) -> 108.37 | V265: 145.6 | W265: 146.2 | X265: 150.7 | Y265: =AVERAGE(Y253:Y262) -> 130.43 | Z265: 143.9 | AA265: 156.6 | AB265: 143.9 | AC265: 143.6 | AD265: 149 | AF265: =(D266-D265)/D265*100 -> 1.2987013
A266: Rural | B266: 2020 | C266: June | D266: 148.2 | E266: 190.3 | F266: 149.4 | G266: 153.3 | H266: 138.2 | I266: 143.2 | J266: 148.9 | K266: 150.3 | L266: 113.2 | M266: 159.8 | N266: 142.1 | O266: 161.8 | P266: 152.3 | Q266: 182.4 | R266: 154.7 | S266: 150 | T266: 154.1 | U266: 0 | V266: 144.9 | W266: 151.7 | X266: 158.2 | Y266: 141.4 | Z266: 153.2 | AA266: 161.8 | AB266: 151.2 | AC266: 151.7 | AD266: 152.7 | AF266: =(D267-D266)/D266*100 -> 3.0364372
A267: Urban | B267: 2020 | C267: June | D267: 152.7 | E267: 197 | F267: 154.6 | G267: 153.4 | H267: 132.9 | I267: 151.8 | J267: 171.2 | K267: 152 | L267: 116.3 | M267: 158.8 | N267: 135.6 | O267: 161.7 | P267: 157 | Q267: 186.7 | R267: 149.1 | S267: 136.6 | T267: 147.2 | U267: 154.7 | V267: 137.1 | W267: 140.4 | X267: 148.1 | Y267: 129.3 | Z267: 144.5 | AA267: 152.5 | AB267: 152.2 | AC267: 142 | AD267: 150.8 | AF267: =(D268-D267)/D267*100 -> -2.0301244
A268: Rural+Urban | B268: 2020 | C268: June | D268: 149.6 | E268: 192.7 | F268: 151.4 | G268: 153.3 | H268: 136.3 | I268: 147.2 | J268: 156.5 | K268: 150.9 | L268: 114.2 | M268: 159.5 | N268: 139.4 | O268: 161.8 | P268: 154 | Q268: 183.5 | R268: 152.5 | S268: 144.4 | T268: 151.4 | U268: 154.7 | V268: 141.9 | W268: 146.4 | X268: 154.4 | Y268: 135 | Z268: 148.3 | AA268: 156.4 | AB268: 151.6 | AC268: 147 | AD268: 151.8 | AF268: =(D269-D268)/D268*100 -> -0.93582888
A269: Rural | B269: 2020 | C269: July | D269: 148.2 | E269: 190.3 | F269: 149.4 | G269: 153.3 | H269: 138.2 | I269: 143.2 | J269: 148.9 | K269: 150.3 | L269: 113.2 | M269: 159.8 | N269: 142.1 | O269: 161.8 | P269: 152.3 | Q269: 182.4 | R269: 154.7 | S269: 150 | T269: 154.1 | U269: 0 | V269: 144.9 | W269: 151.7 | X269: 158.2 | Y269: 141.4 | Z269: 153.2 | AA269: 161.8 | AB269: 151.2 | AC269: 151.7 | AD269: 152.7 | AF269: =(D270-D269)/D269*100 -> 3.0364372
A270: Urban | B270: 2020 | C270: July | D270: 152.7 | E270: 197 | F270: 154.6 | G270: 153.4 | H270: 132.9 | I270: 151.8 | J270: 171.2 | K270: 152 | L270: 116.3 | M270: 158.8 | N270: 135.6 | O270: 161.7 | P270: 157 | Q270: 186.7 | R270: 149.1 | S270: 136.6 | T270: 147.2 | U270: 154.7 | V270: 137.1 | W270: 140.4 | X270: 148.1 | Y270: 129.3 | Z270: 144.5 | AA270: 152.5 | AB270: 152.2 | AC270: 142 | AD270: 150.8 | AF270: =(D271-D270)/D270*100 -> -2.0301244
A271: Rural+Urban | B271: 2020 | C271: July | D271: 149.6 | E271: 192.7 | F271: 151.4 | G271: 153.3 | H271: 136.3 | I271: 147.2 | J271: 156.5 | K271: 150.9 | L271: 114.2 | M271: 159.5 | N271: 139.4 | O271: 161.8 | P271: 154 | Q271: 183.5 | R271: 152.5 | S271: 144.4 | T271: 151.4 | U271: 154.7 | V271: 141.9 | W271: 146.4 | X271: 154.4 | Y271: 135 | Z271: 148.3 | AA271: 156.4 | AB271: 151.6 | AC271: 147 | AD271: 151.8 | AF271: =(D272-D271)/D271*100 -> -1.3368984
A272: Rural | B272: 2020 | C272: August | D272: 147.6 | E272: 187.2 | F272: 148.4 | G272: 153.3 | H272: 139.8 | I272: 146.9 | J272: 171 | K272: 149.9 | L272: 114.2 | M272: 160 | N272: 143.5 | O272: 161.5 | P272: 155.3 | Q272: 180.9 | R272: 155.1 | S272: 149.3 | T272: 154.3 | U272: 0 | V272: 145.8 | W272: 151.9 | X272: 158.8 | Y272: 143.6 | Z272: 152.2 | AA272: 162.7 | AB272: 153.6 | AC272: 153 | AD272: 154.7 | AF272: =(D273-D272)/D272*100 -> 2.7100271
A273: Urban | B273: 2020 | C273: August | D273: 151.6 | E273: 197.8 | F273: 154.5 | G273: 153.4 | H273: 133.4 | I273: 154.5 | J273: 191.9 | K273: 151.3 | L273: 116.8 | M273: 160 | N273: 136.5 | O273: 163.3 | P273: 159.9 | Q273: 187.2 | R273: 150 | S273: 135.2 | T273: 147.8 | U273: 155.5 | V273: 138.3 | W273: 144.5 | X273: 148.7 | Y273: 133.9 | Z273: 141.2 | AA273: 155.5 | AB273: 155.2 | AC273: 144.8 | AD273: 152.9 | AF273: =(D274-D273)/D273*100 -> -1.7810026
A274: Rural+Urban | B274: 2020 | C274: August | D274: 148.9 | E274: 190.9 | F274: 150.8 | G274: 153.3 | H274: 137.4 | I274: 150.4 | J274: 178.1 | K274: 150.4 | L274: 115.1 | M274: 160 | N274: 140.6 | O274: 162.3 | P274: 157 | Q274: 182.6 | R274: 153.1 | S274: 143.4 | T274: 151.7 | U274: 155.5 | V274: 143 | W274: 148.4 | X274: 155 | Y274: 138.5 | Z274: 146 | AA274: 158.5 | AB274: 154.3 | AC274: 149 | AD274: 153.9 | AF274: =(D275-D274)/D274*100 -> -1.3431833
A275: Rural | B275: 2020 | C275: September | D275: 146.9 | E275: 183.9 | F275: 149.5 | G275: 153.4 | H275: 140.4 | I275: 147 | J275: 178.8 | K275: 149.3 | L275: 115.1 | M275: 160 | N275: 145.4 | O275: 161.6 | P275: 156.1 | Q275: 182.9 | R275: 155.4 | S275: 149.9 | T275: 154.6 | U275: 0 | V275: 146.4 | W275: 151.6 | X275: 159.1 | Y275: 144.6 | Z275: 152.8 | AA275: 161.1 | AB275: 157.4 | AC275: 153.7 | AD275: 155.4 | AF275: =(D276-D275)/D275*100 -> 3.1313819
A276: Urban | B276: 2020 | C276: September | D276: 151.5 | E276: 193.1 | F276: 157.3 | G276: 153.9 | H276: 134.4 | I276: 155.4 | J276: 202 | K276: 150.8 | L276: 118.9 | M276: 160.9 | N276: 137.7 | O276: 164.4 | P276: 161.3 | Q276: 188.7 | R276: 150.2 | S276: 136.3 | T276: 148.1 | U276: 156.3 | V276: 137.2 | W276: 145.4 | X276: 150 | Y276: 135.1 | Z276: 141.8 | AA276: 154.9 | AB276: 159.8 | AC276: 146 | AD276: 154 | AF276: =(D277-D276)/D276*100 -> -2.0462046
A277: Rural+Urban | B277: 2020 | C277: September | D277: 148.4 | E277: 187.1 | F277: 152.5 | G277: 153.6 | H277: 138.2 | I277: 150.9 | J277: 186.7 | K277: 149.8 | L277: 116.4 | M277: 160.3 | N277: 142.2 | O277: 162.9 | P277: 158 | Q277: 184.4 | R277: 153.4 | S277: 144.3 | T277: 152 | U277: 156.3 | V277: 142.9 | W277: 148.7 | X277: 155.6 | Y277: 139.6 | Z277: 146.6 | AA277: 157.5 | AB277: 158.4 | AC277: 150 | AD277: 154.7 | AF277: =(D278-D277)/D277*100 -> -1.6172507
... A292: Rural+Urban | B292: 2021 | C292: February | D292: 144.3 | E292: 186.5 | F292: 168.7 | G292: 154.7 | H292: 158.7 | I292: 150.7 | J292: 160 | K292: 158.8 | L292: 112.8 | M292: 164.2 | N292: 155.5 | O292: 167.5 | P292: 156.9 | Q292: 188.3 | R292: 157.2 | S292: 147.4 | T292: 155.8 | U292: 159.8 | V292: 152.4 | W292: 150.9 | X292: 161.3 | Y292: 145.1 | Z292: 151.5 | AA292: 159.5 | AB292: 155.8 | AC292: 153.4 | AD292: 156.6 | AF292: =(D293-D292)/D292*100 -> -1.2474012
A293: Rural | B293: 2021 | C293: March | D293: 142.5 | E293: 189.4 | F293: 163.2 | G293: 154.5 | H293: 168.2 | I293: 150.5 | J293: 141 | K293: 159.2 | L293: 111.7 | M293: 164 | N293: 160.6 | O293: 166.4 | P293: 154.5 | Q293: 186.1 | R293: 159.6 | S293: 154.4 | T293: 158.9 | U293: - | V293: 156 | W293: 154.8 | X293: 164.6 | Y293: 151.3 | Z293: 157.8 | AA293: 163.8 | AB293: 153.1 | AC293: 157.3 | AD293: 156.7 | AF293: =(D294-D293)/D293*100 -> 3.5087719
A294: Urban | B294: 2021 | C294: March | D294: 147.5 | E294: 197.5 | F294: 164.7 | G294: 155.6 | H294: 156.4 | I294: 157.3 | J294: 166.1 | K294: 161.1 | L294: 114.3 | M294: 162.6 | N294: 150.7 | O294: 170.3 | P294: 160.4 | Q294: 193.5 | R294: 155.1 | S294: 138.7 | T294: 152.6 | U294: 159.9 | V294: 154.8 | W294: 147.2 | X294: 156.9 | Y294: 141.7 | Z294: 148.6 | AA294: 157.6 | AB294: 154.9 | AC294: 150 | AD294: 156.9 | AF294: =(D295-D294)/D294*100 -> -2.3050847
A295: Rural+Urban | B295: 2021 | C295: March | D295: 144.1 | E295: 192.2 | F295: 163.8 | G295: 154.9 | H295: 163.9 | I295: 153.7 | J295: 149.5 | K295: 159.8 | L295: 112.6 | M295: 163.5 | N295: 156.5 | O295: 168.2 | P295: 156.7 | Q295: 188.1 | R295: 157.8 | S295: 147.9 | T295: 156.4 | U295: 159.9 | V295: 155.5 | W295: 151.2 | X295: 161.7 | Y295: 146.2 | Z295: 152.6 | AA295: 160.2 | AB295: 153.8 | AC295: 153.8 | AD295: 156.8 | AF295: =(D296-D295)/D295*100 -> -0.97154754
A296: Rural | B296: 2021 | C296: April | D296: 142.7 | E296: 195.5 | F296: 163.4 | G296: 155 | H296: 175.2 | I296: 160.6 | J296: 135.1 | K296: 161.1 | L296: 112.2 | M296: 164.4 | N296: 161.9 | O296: 166.8 | P296: 155.6 | Q296: 186.8 | R296: 160.7 | S296: 155.1 | T296: 159.9 | U296: - | V296: 156 | W296: 155.5 | X296: 165.3 | Y296: 151.7 | Z296: 158.6 | AA296: 164.1 | AB296: 154.6 | AC296: 158 | AD296: 157.6 | AF296: =(D297-D296)/D296*100 -> 3.4337772
A297: Urban | B297: 2021 | C297: April | D297: 147.6 | E297: 202.5 | F297: 166.4 | G297: 156 | H297: 161.4 | I297: 168.8 | J297: 161.6 | K297: 162.8 | L297: 114.8 | M297: 162.8 | N297: 151.5 | O297: 171.4 | P297: 162 | Q297: 194.4 | R297: 155.9 | S297: 139.3 | T297: 153.4 | U297: 161.4 | V297: 154.9 | W297: 147.6 | X297: 157.5 | Y297: 142.1 | Z297: 149.1 | AA297: 157.6 | AB297: 156.6 | AC297: 150.5 | AD297: 158 | AF297: =(D298-D297)/D297*100 -> -2.2357724
A298: Rural+Urban | B298: 2021 | C298: April | D298: 144.3 | E298: 198 | F298: 164.6 | G298: 155.4 | H298: 170.1 | I298: 164.4 | J298: 144.1 | K298: 161.7 | L298: 113.1 | M298: 163.9 | N298: 157.6 | O298: 168.9 | P298: 158 | Q298: 188.8 | R298: 158.8 | S298: 148.5 | T298: 157.3 | U298: 161.4 | V298: 155.6 | W298: 151.8 | X298: 162.3 | Y298: 146.6 | Z298: 153.2 | AA298: 160.3 | AB298: 155.4 | AC298: 154.4 | AD298: 157.8 | AF298: =(D299-D298)/D298*100 -> 0.55440055
A299: Rural | B299: 2021 | C299: May | D299: 145.1 | E299: 198.5 | F299: 168.6 | G299: 155.8 | H299: 184.4 | I299: 162.3 | J299: 138.4 | K299: 165.1 | L299: 114.3 | M299: 169.7 | N299: 164.6 | O299: 169.8 | P299: 158.7 | Q299: 189.6 | R299: 165.3 | S299: 160.6 | T299: 164.5 | U299: 0 | V299: 161.7 | W299: 158.8 | X299: 169.1 | Y299: 153.2 | Z299: 160 | AA299: 167.6 | AB299: 159.3 | AC299: 161.1 | AD299: 161.1 | AF299: =(D300-D299)/D299*100 -> 2.5499655
A300: Urban | B300: 2021 | C300: May | D300: 148.8 | E300: 204.3 | F300: 173 | G300: 156.5 | H300: 168.8 | I300: 172.5 | J300: 166.5 | K300: 165.9 | L300: 115.9 | M300: 165.2 | N300: 152 | O300: 171.1 | P300: 164.2 | Q300: 198.2 | R300: 156.5 | S300: 140.2 | T300: 154.1 | U300: 161.6 | V300: 155.5 | W300: 150.1 | X300: 160.4 | Y300: 145 | Z300: 152.6 | AA300: 156.6 | AB300: 157.5 | AC300: 152.3 | AD300: 159.5 | AF300: =(D301-D300)/D300*100 -> -1.6801075
A301: Rural+Urban | B301: 2021 | C301: May | D301: 146.3 | E301: 200.5 | F301: 170.3 | G301: 156.1 | H301: 178.7 | I301: 167.1 | J301: 147.9 | K301: 165.4 | L301: 114.8 | M301: 168.2 | N301: 159.3 | O301: 170.4 | P301: 160.7 | Q301: 191.9 | R301: 161.8 | S301: 152.1 | T301: 160.4 | U301: 161.6 | V301: 159.4 | W301: 154.7 | X301: 165.8 | Y301: 148.9 | Z301: 155.8 | AA301: 161.2 | AB301: 158.6 | AC301: 156.8 | AD301: 160.4 | AF301: =(D302-D301)/D301*100 -> -0.4784689
A302: Rural | B302: 2021 | C302: June | D302: 145.6 | E302: 200.1 | F302: 179.3 | G302: 156.1 | H302: 190.4 | I302: 158.6 | J302: 144.7 | K302: 165.5 | L302: 114.6 | M302: 170 | N302: 165.5 | O302: 171.7 | P302: 160.5 | Q302: 189.1 | R302: 165.3 | S302: 159.9 | T302: 164.6 | U302: 0 | V302: 162.1 | W302: 159.2 | X302: 169.7 | Y302: 154.2 | Z302: 160.4 | AA302: 166.8 | AB302: 159.4 | AC302: 161.5 | AD302: 162.1 | AF302: =(D303-D302)/D302*100 -> 2.4725275
A303: Urban | B303: 2021 | C303: June | D303: 149.2 | E303: 205.5 | F303: 182.8 | G303: 156.5 | H303: 172.2 | I303: 171.5 | J303: 176.2 | K303: 166.9 | L303: 116.1 | M303: 165.5 | N303: 152.3 | O303: 173.3 | P303: 166.2 | Q303: 195.6 | R303: 157.3 | S303: 140.5 | T303: 154.8 | U303: 160.5 | V303: 156.1 | W303: 149.8 | X303: 160.8 | Y303: 147.5 | Z303: 150.7 | AA303: 158.1 | AB303: 158 | AC303: 153.4 | AD303: 160.4 | AF303: =(D304-D303)/D303*100 -> -1.6756032
A304: Rural+Urban | B304: 2021 | C304: June | D304: 146.7 | E304: 202 | F304: 180.7 | G304: 156.2 | H304: 183.7 | I304: 164.6 | J304: 155.4 | K304: 166 | L304: 115.1 | M304: 168.5 | N304: 160 | O304: 172.4 | P304: 162.6 | Q304: 190.8 | R304: 162.2 | S304: 151.8 | T304: 160.7 | U304: 160.5 | V304: 159.8 | W304: 154.8 | X304: 166.3 | Y304: 150.7 | Z304: 154.9 | AA304: 161.7 | AB304: 158.8 | AC304: 157.6 | AD304: 161.3 | AF304: =(D305-D304)/D304*100 -> -1.0906612
A305: Rural | B305: 2021 | C305: July | D305: 145.1 | E305: 204.5 | F305: 180.4 | G305: 157.1 | H305: 188.7 | I305: 157.7 | J305: 152.8 | K305: 163.6 | L305: 113.9 | M305: 169.7 | N305: 166.2 | O305: 171 | P305: 161.7 | Q305: 189.7 | R305: 166 | S305: 161.1 | T305: 165.3 | U305: 0 | V305: 162.5 | W305: 160.3 | X305: 170.4 | Y305: 157.1 | Z305: 160.7 | AA305: 167.2 | AB305: 160.4 | AC305: 162.8 | AD305: 163.2 | AF305: =(D306-D305)/D305*100 -> 2.7567195
A306: Urban | B306: 2021 | C306: July | D306: 149.1 | E306: 210.9 | F306: 185 | G306: 158.2 | H306: 170.6 | I306: 170.9 | J306: 186.4 | K306: 164.7 | L306: 115.7 | M306: 165.5 | N306: 153.4 | O306: 173.5 | P306: 167.9 | Q306: 195.5 | R306: 157.9 | S306: 141.9 | T306: 155.5 | U306: 161.5 | V306: 157.7 | W306: 150.7 | X306: 161.5 | Y306: 149.5 | Z306: 151.2 | AA306: 160.3 | AB306: 159.6 | AC306: 155 | AD306: 161.8 | AF306: =(D307-D306)/D306*100 -> -1.8108652
A307: Rural+Urban | B307: 2021 | C307: July | D307: 146.4 | E307: 206.8 | F307: 182.2 | G307: 157.5 | H307: 182.1 | I307: 163.9 | J307: 164.2 | K307: 164 | L307: 114.5 | M307: 168.3 | N307: 160.9 | O307: 172.2 | P307: 164 | Q307: 191.2 | R307: 162.8 | S307: 153.1 | T307: 161.4 | U307: 161.5 | V307: 160.7 | W307: 155.8 | X307: 167 | Y307: 153.1 | Z307: 155.3 | AA307: 163.2 | AB307: 160.1 | AC307: 159 | AD307: 162.5 | AF307: =(D308-D307)/D307*100 -> -1.0245902
A308: Rural | B308: 2021 | C308: August | D308: 144.9 | E308: 202.3 | F308: 176.5 | G308: 157.5 | H308: 190.9 | I308: 155.7 | J308: 153.9 | K308: 162.8 | L308: 115.2 | M308: 169.8 | N308: 167.6 | O308: 171.9 | P308: 161.8 | Q308: 190.2 | R308: 167 | S308: 162.6 | T308: 166.3 | U308: 0 | V308: 163.1 | W308: 160.9 | X308: 171.1 | Y308: 157.7 | Z308: 161.1 | AA308: 167.5 | AB308: 160.3 | AC308: 163.3 | AD308: 163.6 | AF308: =(D309-D308)/D308*100 -> 3.0365769
... A367: Rural+Urban | B367: 2023 | C367: March | D367: 174.4 | E367: 207.7 | F367: 175.2 | G367: 177.3 | H367: 179.2 | I367: 169.5 | J367: 152.8 | K367: 171.1 | L367: 120 | M367: 209.7 | N367: 172.3 | O367: 193 | P367: 177 | Q367: 199.5 | R367: 186.1 | S367: 178.7 | T367: 185.1 | U367: 173.5 | V367: 181.9 | W367: 174.2 | X367: 184.4 | Y367: 164.2 | Z367: 170.3 | AA367: 175 | AB367: 181 | AC367: 174.1 | AD367: 177.2 | AF367: =(D368-D367)/D367*100 -> -0.63073394
A368: Rural | B368: 2023 | C368: April | D368: 173.3 | E368: 206.9 | F368: 167.9 | G368: 178.2 | H368: 178.5 | I368: 173.7 | J368: 142.8 | K368: 172.8 | L368: 120.4 | M368: 215.5 | N368: 178.2 | O368: 190.5 | P368: 175.5 | Q368: 199.5 | R368: 190.7 | S368: 187.3 | T368: 190.2 | U368: - | V368: 181.5 | W368: 179.1 | X368: 187.2 | Y368: 169.4 | Z368: 173.2 | AA368: 179.4 | AB368: 183.8 | AC368: 178.9 | AD368: 178.8 | AF368: =(D369-D368)/D368*100 -> 0.86555107
A369: Urban | B369: 2023 | C369: April | D369: 174.8 | E369: 213.7 | F369: 172.4 | G369: 178.8 | H369: 168.7 | I369: 179.2 | J369: 179.9 | K369: 174.7 | L369: 123.1 | M369: 207.8 | N369: 165.5 | O369: 197 | P369: 182.1 | Q369: 203.5 | R369: 181 | S369: 167.7 | T369: 178.9 | U369: 175.2 | V369: 182.1 | W369: 169.6 | X369: 181.5 | Y369: 160.1 | Z369: 168.8 | AA369: 174.2 | AB369: 184.4 | AC369: 170.9 | AD369: 177.4 | AF369: =(D370-D369)/D369*100 -> -0.57208238
A370: Rural+Urban | B370: 2023 | C370: April | D370: 173.8 | E370: 209.3 | F370: 169.6 | G370: 178.4 | H370: 174.9 | I370: 176.3 | J370: 155.4 | K370: 173.4 | L370: 121.3 | M370: 212.9 | N370: 172.9 | O370: 193.5 | P370: 177.9 | Q370: 200.6 | R370: 186.9 | S370: 179.2 | T370: 185.7 | U370: 175.2 | V370: 181.7 | W370: 174.6 | X370: 185 | Y370: 164.5 | Z370: 170.7 | AA370: 176.4 | AB370: 184 | AC370: 175 | AD370: 178.1 | AF370: =(D371-D370)/D370*100 -> -0.3452244
A371: Rural | B371: 2023 | C371: May | D371: 173.2 | E371: 211.5 | F371: 171 | G371: 179.6 | H371: 173.3 | I371: 169 | J371: 148.7 | K371: 174.9 | L371: 121.9 | M371: 221 | N371: 178.7 | O371: 191.1 | P371: 176.8 | Q371: 199.9 | R371: 191.2 | S371: 187.9 | T371: 190.8 | U371: - | V371: 182.5 | W371: 179.8 | X371: 187.8 | Y371: 169.7 | Z371: 173.8 | AA371: 180.3 | AB371: 184.9 | AC371: 179.5 | AD371: 179.8 | AF371: =(D372-D371)/D371*100 -> 0.86605081
A372: Urban | B372: 2023 | C372: May | D372: 174.7 | E372: 219.4 | F372: 176.7 | G372: 179.4 | H372: 164.4 | I372: 175.8 | J372: 185 | K372: 176.9 | L372: 124.2 | M372: 211.9 | N372: 165.9 | O372: 197.7 | P372: 183.1 | Q372: 204.2 | R372: 181.3 | S372: 168.1 | T372: 179.3 | U372: 175.6 | V372: 183.4 | W372: 170.1 | X372: 182.2 | Y372: 160.4 | Z372: 169.2 | AA372: 174.8 | AB372: 185.6 | AC372: 171.6 | AD372: 178.2 | AF372: =(D373-D372)/D372*100 -> -0.57240985
A373: Rural+Urban | B373: 2023 | C373: May | D373: 173.7 | E373: 214.3 | F373: 173.2 | G373: 179.5 | H373: 170 | I373: 172.2 | J373: 161 | K373: 175.6 | L373: 122.7 | M373: 218 | N373: 173.4 | O373: 194.2 | P373: 179.1 | Q373: 201 | R373: 187.3 | S373: 179.7 | T373: 186.2 | U373: 175.6 | V373: 182.8 | W373: 175.2 | X373: 185.7 | Y373: 164.8 | Z373: 171.2 | AA373: 177.1 | AB373: 185.2 | AC373: 175.7 | AD373: 179.1 | AF373: =(D374-D373)/D373*100 -> -100

Sheet BROADER CATEGORIES
A1: Sector | B1: Year | C1: Month | D1: FOOD | E1: MEAT FISH AND EGG | F1: PAN TOBACCO AND INTOXICANTS | G1: WEARABLE | H1: HOUSING | I1: FUEL AND LIGHT | J1: HEALTH | K1: TRANSPORT AND COMMUNICATION | L1: OTHER | M1: TOTAL | N1: FOOD INFLATION | O1: MEAT FISH AND EGG INFLATION | P1: PAN TOBACCO AND INTOXICANTS INFLATION | Q1: WEARABLE INFLATION | R1: HOUSING INFLATION | S1: FUEL AND LIGHT INFLATION | T1: HEALTH INFLATION | U1: TRANSPORT INFLATION | V1: OTHERS INFLATION
A2: Rural | B2: 2013 | C2: January | D2: ='All_India_Index_Upto_April23 (1'!D2+'All_India_Index_Upto_April23 (1'!G2+'All_India_Index_Upto_April23 (1'!H2+'All_India_Index_Upto_April23 (1'!I2+'All_India_Index_Upto_April23 (1'!J2+'All_India_Index_Upto_April23 (1'!K2+'All_India_Index_Upto_April23 (1'!L2+'All_India_Index_Upto_April23 (1'!M2+'All_India_Index_Upto_April23 (1'!N2+'All_India_Index_Upto_April23 (1'!O2+'All_India_Index_Upto_April23 (1'!P2 -> 1157.3 | E2: ='All_India_Index_Upto_April23 (1'!E2+'All_India_Index_Upto_April23 (1'!F2 -> 214.4 | F2: 105.1 | G2: ='All_India_Index_Upto_April23 (1'!R2+'All_India_Index_Upto_April23 (1'!S2+'All_India_Index_Upto_April23 (1'!T2 -> 318.7 | H2: ='All_India_Index_Upto_April23 (1'!U2+'All_India_Index_Upto_April23 (1'!W2 -> 104.8 | I2: 105.5 | J2: 104 | K2: 103.3 | L2: ='All_India_Index_Upto_April23 (1'!Z2+'All_India_Index_Upto_April23 (1'!AA2+'All_India_Index_Upto_April23 (1'!AB2+'All_India_Index_Upto_April23 (1'!AC2+'All_India_Index_Upto_April23 (1'!AD2 -> 521 | M2: =D2+E2+F2+G2+H2+I2+J2+K2+L2 -> 2734.1 | N2: =D2/M2*100 -> 42.328371 | O2: =E2/M2*100 -> 7.8417029 | P2: =F2/M2*100 -> 3.8440437 | Q2: =G2/M2*100 -> 11.656487 | R2: =H2/M2*100 -> 3.8330712 | S2: =I2/M2*100 -> 3.8586738 | T2: =J2/M2*100 -> 3.8038111 | U2: =K2/M2*100 -> 3.7782086 | V2: =L2/M2*100 -> 19.055631 | W2: =N2+O2+P2+Q2+R2+S2+T2+U2+V2 -> 100
A3: Urban | B3: 2013 | C3: January | D3: ='All_India_Index_Upto_April23 (1'!D3+'All_India_Index_Upto_April23 (1'!G3+'All_India_Index_Upto_April23 (1'!H3+'All_India_Index_Upto_April23 (1'!I3+'All_India_Index_Upto_April23 (1'!J3+'All_India_Index_Upto_April23 (1'!K3+'All_India_Index_Upto_April23 (1'!L3+'All_India_Index_Upto_April23 (1'!M3+'All_India_Index_Upto_April23 (1'!N3+'All_India_Index_Upto_April23 (1'!O3+'All_India_Index_Upto_April23 (1'!P3 -> 1154.3 | E3: ='All_India_Index_Upto_April23 (1'!E3+'All_India_Index_Upto_April23 (1'!F3 -> 222.1 | F3: 105.2 | G3: ='All_India_Index_Upto_April23 (1'!R3+'All_India_Index_Upto_April23 (1'!S3+'All_India_Index_Upto_April23 (1'!T3 -> 316.7 | H3: ='All_India_Index_Upto_April23 (1'!U3+'All_India_Index_Upto_April23 (1'!W3 -> 205.1 | I3: 105.4 | J3: 104.1 | K3: 103.2 | L3: ='All_India_Index_Upto_April23 (1'!Z3+'All_India_Index_Upto_April23 (1'!AA3+'All_India_Index_Upto_April23 (1'!AB3+'All_India_Index_Upto_April23 (1'!AC3+'All_India_Index_Upto_April23 (1'!AD3 -> 518.4 | M3: =D3+E3+F3+G3+H3+I3+J3+K3+L3 -> 2834.5 | N3: =D3/M3*100 -> 40.723232 | O3: =E3/M3*100 -> 7.8355971 | P3: =F3/M3*100 -> 3.7114129 | Q3: =G3/M3*100 -> 11.173046 | R3: =H3/M3*100 -> 7.2358441 | S3: =I3/M3*100 -> 3.7184689 | T3: =J3/M3*100 -> 3.6726054 | U3: =K3/M3*100 -> 3.6408538 | V3: =L3/M3*100 -> 18.28894 | W3: =N3+O3+P3+Q3+R3+S3+T3+U3+V3 -> 100
A4: Rural+Urban | B4: 2013 | C4: January | D4: ='All_India_Index_Upto_April23 (1'!D4+'All_India_Index_Upto_April23 (1'!G4+'All_India_Index_Upto_April23 (1'!H4+'All_India_Index_Upto_April23 (1'!I4+'All_India_Index_Upto_April23 (1'!J4+'All_India_Index_Upto_April23 (1'!K4+'All_India_Index_Upto_April23 (1'!L4+'All_India_Index_Upto_April23 (1'!M4+'All_India_Index_Upto_April23 (1'!N4+'All_India_Index_Upto_April23 (1'!O4+'All_India_Index_Upto_April23 (1'!P4 -> 1156 | E4: ='All_India_Index_Upto_April23 (1'!E4+'All_India_Index_Upto_April23 (1'!F4 -> 217.3 | F4: 105.1 | G4: ='All_India_Index_Upto_April23 (1'!R4+'All_India_Index_Upto_April23 (1'!S4+'All_India_Index_Upto_April23 (1'!T4 -> 318 | H4: ='All_India_Index_Upto_April23 (1'!U4+'All_India_Index_Upto_April23 (1'!W4 -> 205.1 | I4: 105.5 | J4: 104 | K4: 103.2 | L4: ='All_India_Index_Upto_April23 (1'!Z4+'All_India_Index_Upto_April23 (1'!AA4+'All_India_Index_Upto_April23 (1'!AB4+'All_India_Index_Upto_April23 (1'!AC4+'All_India_Index_Upto_April23 (1'!AD4 -> 519.7 | M4: =D4+E4+F4+G4+H4+I4+J4+K4+L4 -> 2833.9 | N4: =D4/M4*100 -> 40.791842 | O4: =E4/M4*100 -> 7.6678782 | P4: =F4/M4*100 -> 3.70867 | Q4: =G4/M4*100 -> 11.221285 | R4: =H4/M4*100 -> 7.2373761 | S4: =I4/M4*100 -> 3.7227849 | T4: =J4/M4*100 -> 3.6698543 | U4: =K4/M4*100 -> 3.6416246 | V4: =L4/M4*100 -> 18.338685 | W4: =N4+O4+P4+Q4+R4+S4+T4+U4+V4 -> 100
A5: Rural | B5: 2013 | C5: February | D5: ='All_India_Index_Upto_April23 (1'!D5+'All_India_Index_Upto_April23 (1'!G5+'All_India_Index_Upto_April23 (1'!H5+'All_India_Index_Upto_April23 (1'!I5+'All_India_Index_Upto_April23 (1'!J5+'All_India_Index_Upto_April23 (1'!K5+'All_India_Index_Upto_April23 (1'!L5+'All_India_Index_Upto_April23 (1'!M5+'All_India_Index_Upto_April23 (1'!N5+'All_India_Index_Upto_April23 (1'!O5+'All_India_Index_Upto_April23 (1'!P5 -> 1161.5 | E5: ='All_India_Index_Upto_April23 (1'!E5+'All_India_Index_Upto_April23 (1'!F5 -> 218.9 | F5: 105.6 | G5: ='All_India_Index_Upto_April23 (1'!R5+'All_India_Index_Upto_April23 (1'!S5+'All_India_Index_Upto_April23 (1'!T5 -> 320.4 | H5: ='All_India_Index_Upto_April23 (1'!U5+'All_India_Index_Upto_April23 (1'!W5 -> 105.2 | I5: 106.2 | J5: 104.4 | K5: 103.9 | L5: ='All_India_Index_Upto_April23 (1'!Z5+'All_India_Index_Upto_April23 (1'!AA5+'All_India_Index_Upto_April23 (1'!AB5+'All_India_Index_Upto_April23 (1'!AC5+'All_India_Index_Upto_April23 (1'!AD5 -> 522.9 | M5: =D5+E5+F5+G5+H5+I5+J5+K5+L5 -> 2749 | N5: =D5/M5*100 -> 42.251728 | O5: =E5/M5*100 -> 7.9628956 | P5: =F5/M5*100 -> 3.8413969 | Q5: =G5/M5*100 -> 11.655147 | R5: =H5/M5*100 -> 3.8268461 | S5: =I5/M5*100 -> 3.863223 | T5: =J5/M5*100 -> 3.7977446 | U5: =K5/M5*100 -> 3.7795562 | V5: =L5/M5*100 -> 19.021462 | W5: =N5+O5+P5+Q5+R5+S5+T5+U5+V5 -> 100
A6: Urban | B6: 2013 | C6: February | D6: ='All_India_Index_Upto_April23 (1'!D6+'All_India_Index_Upto_April23 (1'!G6+'All_India_Index_Upto_April23 (1'!H6+'All_India_Index_Upto_April23 (1'!I6+'All_India_Index_Upto_April23 (1'!J6+'All_India_Index_Upto_April23 (1'!K6+'All_India_Index_Upto_April23 (1'!L6+'All_India_Index_Upto_April23 (1'!M6+'All_India_Index_Upto_April23 (1'!N6+'All_India_Index_Upto_April23 (1'!O6+'All_India_Index_Upto_April23 (1'!P6 -> 1160.8 | E6: ='All_India_Index_Upto_April23 (1'!E6+'All_India_Index_Upto_April23 (1'!F6 -> 229.8 | F6: 106 | G6: ='All_India_Index_Upto_April23 (1'!R6+'All_India_Index_Upto_April23 (1'!S6+'All_India_Index_Upto_April23 (1'!T6 -> 318.5 | H6: ='All_India_Index_Upto_April23 (1'!U6+'All_India_Index_Upto_April23 (1'!W6 -> 205.6 | I6: 105.7 | J6: 104.7 | K6: 104.4 | L6: ='All_India_Index_Upto_April23 (1'!Z6+'All_India_Index_Upto_April23 (1'!AA6+'All_India_Index_Upto_April23 (1'!AB6+'All_India_Index_Upto_April23 (1'!AC6+'All_India_Index_Upto_April23 (1'!AD6 -> 520.3 | M6: =D6+E6+F6+G6+H6+I6+J6+K6+L6 -> 2855.8 | N6: =D6/M6*100 -> 40.647104 | O6: =E6/M6*100 -> 8.046782 | P6: =F6/M6*100 -> 3.7117445 | Q6: =G6/M6*100 -> 11.152742 | R6: =H6/M6*100 -> 7.1993837 | S6: =I6/M6*100 -> 3.7012396 | T6: =J6/M6*100 -> 3.6662231 | U6: =K6/M6*100 -> 3.6557182 | V6: =L6/M6*100 -> 18.219063 | W6: =N6+O6+P6+Q6+R6+S6+T6+U6+V6 -> 100
A7: Rural+Urban | B7: 2013 | C7: February | D7: ='All_India_Index_Upto_April23 (1'!D7+'All_India_Index_Upto_April23 (1'!G7+'All_India_Index_Upto_April23 (1'!H7+'All_India_Index_Upto_April23 (1'!I7+'All_India_Index_Upto_April23 (1'!J7+'All_India_Index_Upto_April23 (1'!K7+'All_India_Index_Upto_April23 (1'!L7+'All_India_Index_Upto_April23 (1'!M7+'All_India_Index_Upto_April23 (1'!N7+'All_India_Index_Upto_April23 (1'!O7+'All_India_Index_Upto_April23 (1'!P7 -> 1161.2 | E7: ='All_India_Index_Upto_April23 (1'!E7+'All_India_Index_Upto_April23 (1'!F7 -> 223 | F7: 105.7 | G7: ='All_India_Index_Upto_April23 (1'!R7+'All_India_Index_Upto_April23 (1'!S7+'All_India_Index_Upto_April23 (1'!T7 -> 319.7 | H7: ='All_India_Index_Upto_April23 (1'!U7+'All_India_Index_Upto_April23 (1'!W7 -> 205.6 | I7: 106 | J7: 104.5 | K7: 104.2 | L7: ='All_India_Index_Upto_April23 (1'!Z7+'All_India_Index_Upto_April23 (1'!AA7+'All_India_Index_Upto_April23 (1'!AB7+'All_India_Index_Upto_April23 (1'!AC7+'All_India_Index_Upto_April23 (1'!AD7 -> 521.7 | M7: =D7+E7+F7+G7+H7+I7+J7+K7+L7 -> 2851.6 | N7: =D7/M7*100 -> 40.720999 | O7: =E7/M7*100 -> 7.8201711 | P7: =F7/M7*100 -> 3.706691 | Q7: =G7/M7*100 -> 11.21125 | R7: =H7/M7*100 -> 7.2099874 | S7: =I7/M7*100 -> 3.7172114 | T7: =J7/M7*100 -> 3.6646093 | U7: =K7/M7*100 -> 3.6540889 | V7: =L7/M7*100 -> 18.294992 | W7: =N7+O7+P7+Q7+R7+S7+T7+U7+V7 -> 100
A8: Rural | B8: 2013 | C8: March | D8: ='All_India_Index_Upto_April23 (1'!D8+'All_India_Index_Upto_April23 (1'!G8+'All_India_Index_Upto_April23 (1'!H8+'All_India_Index_Upto_April23 (1'!I8+'All_India_Index_Upto_April23 (1'!J8+'All_India_Index_Upto_April23 (1'!K8+'All_India_Index_Upto_April23 (1'!L8+'All_India_Index_Upto_April23 (1'!M8+'All_India_Index_Upto_April23 (1'!N8+'All_India_Index_Upto_April23 (1'!O8+'All_India_Index_Upto_April23 (1'!P8 -> 1163.5 | E8: ='All_India_Index_Upto_April23 (1'!E8+'All_India_Index_Upto_April23 (1'!F8 -> 218.7 | F8: 106.5 | G8: ='All_India_Index_Upto_April23 (1'!R8+'All_India_Index_Upto_April23 (1'!S8+'All_India_Index_Upto_April23 (1'!T8 -> 321.9 | H8: ='All_India_Index_Upto_April23 (1'!U8+'All_India_Index_Upto_April23 (1'!W8 -> 105.6 | I8: 106.1 | J8: 104.7 | K8: 104.6 | L8: ='All_India_Index_Upto_April23 (1'!Z8+'All_India_Index_Upto_April23 (1'!AA8+'All_India_Index_Upto_April23 (1'!AB8+'All_India_Index_Upto_April23 (1'!AC8+'All_India_Index_Upto_April23 (1'!AD8 -> 523.2 | M8: =D8+E8+F8+G8+H8+I8+J8+K8+L8 -> 2754.8 | N8: =D8/M8*100 -> 42.235371 | O8: =E8/M8*100 -> 7.9388703 | P8: =F8/M8*100 -> 3.8659794 | Q8: =G8/M8*100 -> 11.685059 | R8: =H8/M8*100 -> 3.8333091 | S8: =I8/M8*100 -> 3.8514593 | T8: =J8/M8*100 -> 3.8006389 | U8: =K8/M8*100 -> 3.7970089 | V8: =L8/M8*100 -> 18.992304 | W8: =N8+O8+P8+Q8+R8+S8+T8+U8+V8 -> 100
A9: Urban | B9: 2013 | C9: March | D9: ='All_India_Index_Upto_April23 (1'!D9+'All_India_Index_Upto_April23 (1'!G9+'All_India_Index_Upto_April23 (1'!H9+'All_India_Index_Upto_April23 (1'!I9+'All_India_Index_Upto_April23 (1'!J9+'All_India_Index_Upto_April23 (1'!K9+'All_India_Index_Upto_April23 (1'!L9+'All_India_Index_Upto_April23 (1'!M9+'All_India_Index_Upto_April23 (1'!N9+'All_India_Index_Upto_April23 (1'!O9+'All_India_Index_Upto_April23 (1'!P9 -> 1162.2 | E9: ='All_India_Index_Upto_April23 (1'!E9+'All_India_Index_Upto_April23 (1'!F9 -> 224.6 | F9: 106.8 | G9: ='All_India_Index_Upto_April23 (1'!R9+'All_India_Index_Upto_April23 (1'!S9+'All_India_Index_Upto_April23 (1'!T9 -> 320.2 | H9: ='All_India_Index_Upto_April23 (1'!U9+'All_India_Index_Upto_April23 (1'!W9 -> 206.1 | I9: 106 | J9: 105.2 | K9: 105.5 | L9: ='All_India_Index_Upto_April23 (1'!Z9+'All_India_Index_Upto_April23 (1'!AA9+'All_India_Index_Upto_April23 (1'!AB9+'All_India_Index_Upto_April23 (1'!AC9+'All_India_Index_Upto_April23 (1'!AD9 -> 521.4 | M9: =D9+E9+F9+G9+H9+I9+J9+K9+L9 -> 2858 | N9: =D9/M9*100 -> 40.664801 | O9: =E9/M9*100 -> 7.8586424 | P9: =F9/M9*100 -> 3.7368789 | Q9: =G9/M9*100 -> 11.203639 | R9: =H9/M9*100 -> 7.2113366 | S9: =I9/M9*100 -> 3.7088873 | T9: =J9/M9*100 -> 3.6808957 | U9: =K9/M9*100 -> 3.6913926 | V9: =L9/M9*100 -> 18.243527 | W9: =N9+O9+P9+Q9+R9+S9+T9+U9+V9 -> 100
A10: Rural+Urban | B10: 2013 | C10: March | D10: ='All_India_Index_Upto_April23 (1'!D10+'All_India_Index_Upto_April23 (1'!G10+'All_India_Index_Upto_April23 (1'!H10+'All_India_Index_Upto_April23 (1'!I10+'All_India_Index_Upto_April23 (1'!J10+'All_India_Index_Upto_April23 (1'!K10+'All_India_Index_Upto_April23 (1'!L10+'All_India_Index_Upto_April23 (1'!M10+'All_India_Index_Upto_April23 (1'!N10+'All_India_Index_Upto_April23 (1'!O10+'All_India_Index_Upto_April23 (1'!P10 -> 1163.1 | E10: ='All_India_Index_Upto_April23 (1'!E10+'All_India_Index_Upto_April23 (1'!F10 -> 220.9 | F10: 106.6 | G10: ='All_India_Index_Upto_April23 (1'!R10+'All_India_Index_Upto_April23 (1'!S10+'All_India_Index_Upto_April23 (1'!T10 -> 321.2 | H10: ='All_India_Index_Upto_April23 (1'!U10+'All_India_Index_Upto_April23 (1'!W10 -> 206 | I10: 106.1 | J10: 104.9 | K10: 105.1 | L10: ='All_India_Index_Upto_April23 (1'!Z10+'All_India_Index_Upto_April23 (1'!AA10+'All_India_Index_Upto_April23 (1'!AB10+'All_India_Index_Upto_April23 (1'!AC10+'All_India_Index_Upto_April23 (1'!AD10 -> 522.2 | M10: =D10+E10+F10+G10+H10+I10+J10+K10+L10 -> 2856.1 | N10: =D10/M10*100 -> 40.723364 | O10: =E10/M10*100 -> 7.734323 | P10: =F10/M10*100 -> 3.7323623 | Q10: =G10/M10*100 -> 11.246105 | R10: =H10/M10*100 -> 7.2126326 | S10: =I10/M10*100 -> 3.7148559 | T10: =J10/M10*100 -> 3.6728406 | U10: =K10/M10*100 -> 3.6798431 | V10: =L10/M10*100 -> 18.283674 | W10: =N10+O10+P10+Q10+R10+S10+T10+U10+V10 -> 100
A11: Rural | B11: 2013 | C11: April | D11: ='All_India_Index_Upto_April23 (1'!D11+'All_India_Index_Upto_April23 (1'!G11+'All_India_Index_Upto_April23 (1'!H11+'All_India_Index_Upto_April23 (1'!I11+'All_India_Index_Upto_April23 (1'!J11+'All_India_Index_Upto_April23 (1'!K11+'All_India_Index_Upto_April23 (1'!L11+'All_India_Index_Upto_April23 (1'!M11+'All_India_Index_Upto_April23 (1'!N11+'All_India_Index_Upto_April23 (1'!O11+'All_India_Index_Upto_April23 (1'!P11 -> 1169.4 | E11: ='All_India_Index_Upto_April23 (1'!E11+'All_India_Index_Upto_April23 (1'!F11 -> 216.4 | F11: 107.1 | G11: ='All_India_Index_Upto_April23 (1'!R11+'All_India_Index_Upto_April23 (1'!S11+'All_India_Index_Upto_April23 (1'!T11 -> 323.5 | H11: ='All_India_Index_Upto_April23 (1'!U11+'All_India_Index_Upto_April23 (1'!W11 -> 106.1 | I11: 106.5 | J11: 105.1 | K11: 104.4 | L11: ='All_India_Index_Upto_April23 (1'!Z11+'All_India_Index_Upto_April23 (1'!AA11+'All_India_Index_Upto_April23 (1'!AB11+'All_India_Index_Upto_April23 (1'!AC11+'All_India_Index_Upto_April23 (1'!AD11 -> 523 | M11: =D11+E11+F11+G11+H11+I11+J11+K11+L11 -> 2761.5 | N11: =D11/M11*100 -> 42.346551 | O11: =E11/M11*100 -> 7.8363208 | P11: =F11/M11*100 -> 3.878327 | Q11: =G11/M11*100 -> 11.714648 | R11: =H11/M11*100 -> 3.8421148 | S11: =I11/M11*100 -> 3.8565997 | T11: =J11/M11*100 -> 3.8059026 | U11: =K11/M11*100 -> 3.780554 | V11: =L11/M11*100 -> 18.938982 | W11: =N11+O11+P11+Q11+R11+S11+T11+U11+V11 -> 100
A12: Urban | B12: 2013 | C12: April | D12: ='All_India_Index_Upto_April23 (1'!D12+'All_India_Index_Upto_April23 (1'!G12+'All_India_Index_Upto_April23 (1'!H12+'All_India_Index_Upto_April23 (1'!I12+'All_India_Index_Upto_April23 (1'!J12+'All_India_Index_Upto_April23 (1'!K12+'All_India_Index_Upto_April23 (1'!L12+'All_India_Index_Upto_April23 (1'!M12+'All_India_Index_Upto_April23 (1'!N12+'All_India_Index_Upto_April23 (1'!O12+'All_India_Index_Upto_April23 (1'!P12 -> 1178.3 | E12: ='All_India_Index_Upto_April23 (1'!E12+'All_India_Index_Upto_April23 (1'!F12 -> 219.4 | F12: 108.5 | G12: ='All_India_Index_Upto_April23 (1'!R12+'All_India_Index_Upto_April23 (1'!S12+'All_India_Index_Upto_April23 (1'!T12 -> 322 | H12: ='All_India_Index_Upto_April23 (1'!U12+'All_India_Index_Upto_April23 (1'!W12 -> 207 | I12: 106.4 | J12: 105.7 | K12: 105 | L12: ='All_India_Index_Upto_April23 (1'!Z12+'All_India_Index_Upto_April23 (1'!AA12+'All_India_Index_Upto_April23 (1'!AB12+'All_India_Index_Upto_April23 (1'!AC12+'All_India_Index_Upto_April23 (1'!AD12 -> 523.2 | M12: =D12+E12+F12+G12+H12+I12+J12+K12+L12 -> 2875.5 | N12: =D12/M12*100 -> 40.977221 | O12: =E12/M12*100 -> 7.6299774 | P12: =F12/M12*100 -> 3.7732568 | Q12: =G12/M12*100 -> 11.198053 | R12: =H12/M12*100 -> 7.198748 | S12: =I12/M12*100 -> 3.700226 | T12: =J12/M12*100 -> 3.6758825 | U12: =K12/M12*100 -> 3.6515389 | V12: =L12/M12*100 -> 18.195097 | W12: =N12+O12+P12+Q12+R12+S12+T12+U12+V12 -> 100
A13: Rural+Urban | B13: 2013 | C13: April | D13: ='All_India_Index_Upto_April23 (1'!D13+'All_India_Index_Upto_April23 (1'!G13+'All_India_Index_Upto_April23 (1'!H13+'All_India_Index_Upto_April23 (1'!I13+'All_India_Index_Upto_April23 (1'!J13+'All_India_Index_Upto_April23 (1'!K13+'All_India_Index_Upto_April23 (1'!L13+'All_India_Index_Upto_April23 (1'!M13+'All_India_Index_Upto_April23 (1'!N13+'All_India_Index_Upto_April23 (1'!O13+'All_India_Index_Upto_April23 (1'!P13 -> 1172.7 | E13: ='All_India_Index_Upto_April23 (1'!E13+'All_India_Index_Upto_April23 (1'!F13 -> 217.5 | F13: 107.5 | G13: ='All_India_Index_Upto_April23 (1'!R13+'All_India_Index_Upto_April23 (1'!S13+'All_India_Index_Upto_April23 (1'!T13 -> 322.9 | H13: ='All_India_Index_Upto_April23 (1'!U13+'All_India_Index_Upto_April23 (1'!W13 -> 206.8 | I13: 106.5 | J13: 105.3 | K13: 104.7 | L13: ='All_India_Index_Upto_April23 (1'!Z13+'All_India_Index_Upto_April23 (1'!AA13+'All_India_Index_Upto_April23 (1'!AB13+'All_India_Index_Upto_April23 (1'!AC13+'All_India_Index_Upto_April23 (1'!AD13 -> 523 | M13: =D13+E13+F13+G13+H13+I13+J13+K13+L13 -> 2866.9 | N13: =D13/M13*100 -> 40.90481 | O13: =E13/M13*100 -> 7.5865918 | P13: =F13/M13*100 -> 3.7496948 | Q13: =G13/M13*100 -> 11.263037 | R13: =H13/M13*100 -> 7.2133664 | S13: =I13/M13*100 -> 3.7148139 | T13: =J13/M13*100 -> 3.6729569 | U13: =K13/M13*100 -> 3.6520283 | V13: =L13/M13*100 -> 18.242701 | W13: =N13+O13+P13+Q13+R13+S13+T13+U13+V13 -> 100
... A264: Urban | B264: 2020 | C264: May | D264: ='All_India_Index_Upto_April23 (1'!D264+'All_India_Index_Upto_April23 (1'!G264+'All_India_Index_Upto_April23 (1'!H264+'All_India_Index_Upto_April23 (1'!I264+'All_India_Index_Upto_April23 (1'!J264+'All_India_Index_Upto_April23 (1'!K264+'All_India_Index_Upto_April23 (1'!L264+'All_India_Index_Upto_April23 (1'!M264+'All_India_Index_Upto_April23 (1'!N264+'All_India_Index_Upto_April23 (1'!O264+'All_India_Index_Upto_April23 (1'!P264 -> 1602.8 | E264: ='All_India_Index_Upto_April23 (1'!E264+'All_India_Index_Upto_April23 (1'!F264 -> 318.4 | F264: 170.7 | G264: ='All_India_Index_Upto_April23 (1'!R264+'All_India_Index_Upto_April23 (1'!S264+'All_India_Index_Upto_April23 (1'!T264 -> 438.9 | H264: ='All_India_Index_Upto_April23 (1'!U264+'All_India_Index_Upto_April23 (1'!W264 -> 253.7 | I264: 144.7 | J264: 150 | K264: 130 | L264: ='All_India_Index_Upto_April23 (1'!Z264+'All_India_Index_Upto_April23 (1'!AA264+'All_India_Index_Upto_April23 (1'!AB264+'All_India_Index_Upto_April23 (1'!AC264+'All_India_Index_Upto_April23 (1'!AD264 -> 734.8 | M264: =D264+E264+F264+G264+H264+I264+J264+K264+L264 -> 3944 | N264: =D264/M264*100 -> 40.638945 | O264: =E264/M264*100 -> 8.0730223 | P264: =F264/M264*100 -> 4.3280933 | Q264: =G264/M264*100 -> 11.128296 | R264: =H264/M264*100 -> 6.4325558 | S264: =I264/M264*100 -> 3.6688641 | T264: =J264/M264*100 -> 3.8032454 | U264: =K264/M264*100 -> 3.296146 | V264: =L264/M264*100 -> 18.630832 | W264: =N264+O264+P264+Q264+R264+S264+T264+U264+V264 -> 100
A265: Rural+Urban | B265: 2020 | C265: May | D265: ='All_India_Index_Upto_April23 (1'!D265+'All_India_Index_Upto_April23 (1'!G265+'All_India_Index_Upto_April23 (1'!H265+'All_India_Index_Upto_April23 (1'!I265+'All_India_Index_Upto_April23 (1'!J265+'All_India_Index_Upto_April23 (1'!K265+'All_India_Index_Upto_April23 (1'!L265+'All_India_Index_Upto_April23 (1'!M265+'All_India_Index_Upto_April23 (1'!N265+'All_India_Index_Upto_April23 (1'!O265+'All_India_Index_Upto_April23 (1'!P265 -> 1603.6567 | E265: ='All_India_Index_Upto_April23 (1'!E265+'All_India_Index_Upto_April23 (1'!F265 -> 317.5 | F265: 170.7 | G265: ='All_India_Index_Upto_April23 (1'!R265+'All_India_Index_Upto_April23 (1'!S265+'All_India_Index_Upto_April23 (1'!T265 -> 440.7 | H265: ='All_India_Index_Upto_April23 (1'!U265+'All_India_Index_Upto_April23 (1'!W265 -> 254.57 | I265: 145.6 | J265: 150.7 | K265: =AVERAGE(K253:K262) -> 130.43 | L265: ='All_India_Index_Upto_April23 (1'!Z265+'All_India_Index_Upto_April23 (1'!AA265+'All_India_Index_Upto_April23 (1'!AB265+'All_India_Index_Upto_April23 (1'!AC265+'All_India_Index_Upto_April23 (1'!AD265 -> 737 | M265: =D265+E265+F265+G265+H265+I265+J265+K265+L265 -> 3950.8567 | N265: =D265/M265*100 -> 40.5901 | O265: =E265/M265*100 -> 8.0362318 | P265: =F265/M265*100 -> 4.3205819 | Q265: =G265/M265*100 -> 11.154543 | R265: =H265/M265*100 -> 6.4434127 | S265: =I265/M265*100 -> 3.6852767 | T265: =J265/M265*100 -> 3.8143626 | U265: =K265/M265*100 -> 3.3013093 | V265: =L265/M265*100 -> 18.654182 | W265: =N265+O265+P265+Q265+R265+S265+T265+U265+V265 -> 100
A266: Rural | B266: 2020 | C266: June | D266: ='All_India_Index_Upto_April23 (1'!D266+'All_India_Index_Upto_April23 (1'!G266+'All_India_Index_Upto_April23 (1'!H266+'All_India_Index_Upto_April23 (1'!I266+'All_India_Index_Upto_April23 (1'!J266+'All_India_Index_Upto_April23 (1'!K266+'All_India_Index_Upto_April23 (1'!L266+'All_India_Index_Upto_April23 (1'!M266+'All_India_Index_Upto_April23 (1'!N266+'All_India_Index_Upto_April23 (1'!O266+'All_India_Index_Upto_April23 (1'!P266 -> 1611.3 | E266: ='All_India_Index_Upto_April23 (1'!E266+'All_India_Index_Upto_April23 (1'!F266 -> 339.7 | F266: 182.4 | G266: ='All_India_Index_Upto_April23 (1'!R266+'All_India_Index_Upto_April23 (1'!S266+'All_India_Index_Upto_April23 (1'!T266 -> 458.8 | H266: ='All_India_Index_Upto_April23 (1'!U266+'All_India_Index_Upto_April23 (1'!W266 -> 151.7 | I266: 144.9 | J266: 158.2 | K266: 141.4 | L266: ='All_India_Index_Upto_April23 (1'!Z266+'All_India_Index_Upto_April23 (1'!AA266+'All_India_Index_Upto_April23 (1'!AB266+'All_India_Index_Upto_April23 (1'!AC266+'All_India_Index_Upto_April23 (1'!AD266 -> 770.6 | M266: =D266+E266+F266+G266+H266+I266+J266+K266+L266 -> 3959 | N266: =D266/M266*100 -> 40.699672 | O266: =E266/M266*100 -> 8.5804496 | P266: =F266/M266*100 -> 4.607224 | Q266: =G266/M266*100 -> 11.588785 | R266: =H266/M266*100 -> 3.8317757 | S266: =I266/M266*100 -> 3.6600152 | T266: =J266/M266*100 -> 3.9959586 | U266: =K266/M266*100 -> 3.571609 | V266: =L266/M266*100 -> 19.464511 | W266: =N266+O266+P266+Q266+R266+S266+T266+U266+V266 -> 100
A267: Urban | B267: 2020 | C267: June | D267: ='All_India_Index_Upto_April23 (1'!D267+'All_India_Index_Upto_April23 (1'!G267+'All_India_Index_Upto_April23 (1'!H267+'All_India_Index_Upto_April23 (1'!I267+'All_India_Index_Upto_April23 (1'!J267+'All_India_Index_Upto_April23 (1'!K267+'All_India_Index_Upto_April23 (1'!L267+'All_India_Index_Upto_April23 (1'!M267+'All_India_Index_Upto_April23 (1'!N267+'All_India_Index_Upto_April23 (1'!O267+'All_India_Index_Upto_April23 (1'!P267 -> 1643.4 | E267: ='All_India_Index_Upto_April23 (1'!E267+'All_India_Index_Upto_April23 (1'!F267 -> 351.6 | F267: 186.7 | G267: ='All_India_Index_Upto_April23 (1'!R267+'All_India_Index_Upto_April23 (1'!S267+'All_India_Index_Upto_April23 (1'!T267 -> 432.9 | H267: ='All_India_Index_Upto_April23 (1'!U267+'All_India_Index_Upto_April23 (1'!W267 -> 295.1 | I267: 137.1 | J267: 148.1 | K267: 129.3 | L267: ='All_India_Index_Upto_April23 (1'!Z267+'All_India_Index_Upto_April23 (1'!AA267+'All_India_Index_Upto_April23 (1'!AB267+'All_India_Index_Upto_April23 (1'!AC267+'All_India_Index_Upto_April23 (1'!AD267 -> 742 | M267: =D267+E267+F267+G267+H267+I267+J267+K267+L267 -> 4066.2 | N267: =D267/M267*100 -> 40.416113 | O267: =E267/M267*100 -> 8.6468939 | P267: =F267/M267*100 -> 4.5915105 | Q267: =G267/M267*100 -> 10.646304 | R267: =H267/M267*100 -> 7.2573902 | S267: =I267/M267*100 -> 3.3716984 | T267: =J267/M267*100 -> 3.6422212 | U267: =K267/M267*100 -> 3.1798731 | V267: =L267/M267*100 -> 18.247996 | W267: =N267+O267+P267+Q267+R267+S267+T267+U267+V267 -> 100
A268: Rural+Urban | B268: 2020 | C268: June | D268: ='All_India_Index_Upto_April23 (1'!D268+'All_India_Index_Upto_April23 (1'!G268+'All_India_Index_Upto_April23 (1'!H268+'All_India_Index_Upto_April23 (1'!I268+'All_India_Index_Upto_April23 (1'!J268+'All_India_Index_Upto_April23 (1'!K268+'All_India_Index_Upto_April23 (1'!L268+'All_India_Index_Upto_April23 (1'!M268+'All_India_Index_Upto_April23 (1'!N268+'All_India_Index_Upto_April23 (1'!O268+'All_India_Index_Upto_April23 (1'!P268 -> 1622.7 | E268: ='All_India_Index_Upto_April23 (1'!E268+'All_India_Index_Upto_April23 (1'!F268 -> 344.1 | F268: 183.5 | G268: ='All_India_Index_Upto_April23 (1'!R268+'All_India_Index_Upto_April23 (1'!S268+'All_India_Index_Upto_April23 (1'!T268 -> 448.3 | H268: ='All_India_Index_Upto_April23 (1'!U268+'All_India_Index_Upto_April23 (1'!W268 -> 301.1 | I268: 141.9 | J268: 154.4 | K268: 135 | L268: ='All_India_Index_Upto_April23 (1'!Z268+'All_India_Index_Upto_April23 (1'!AA268+'All_India_Index_Upto_April23 (1'!AB268+'All_India_Index_Upto_April23 (1'!AC268+'All_India_Index_Upto_April23 (1'!AD268 -> 755.1 | M268: =D268+E268+F268+G268+H268+I268+J268+K268+L268 -> 4086.1 | N268: =D268/M268*100 -> 39.712684 | O268: =E268/M268*100 -> 8.421233 | P268: =F268/M268*100 -> 4.4908348 | Q268: =G268/M268*100 -> 10.971342 | R268: =H268/M268*100 -> 7.3688848 | S268: =I268/M268*100 -> 3.4727491 | T268: =J268/M268*100 -> 3.7786643 | U268: =K268/M268*100 -> 3.3038839 | V268: =L268/M268*100 -> 18.479724 | W268: =N268+O268+P268+Q268+R268+S268+T268+U268+V268 -> 100
A269: Rural | B269: 2020 | C269: July | D269: ='All_India_Index_Upto_April23 (1'!D269+'All_India_Index_Upto_April23 (1'!G269+'All_India_Index_Upto_April23 (1'!H269+'All_India_Index_Upto_April23 (1'!I269+'All_India_Index_Upto_April23 (1'!J269+'All_India_Index_Upto_April23 (1'!K269+'All_India_Index_Upto_April23 (1'!L269+'All_India_Index_Upto_April23 (1'!M269+'All_India_Index_Upto_April23 (1'!N269+'All_India_Index_Upto_April23 (1'!O269+'All_India_Index_Upto_April23 (1'!P269 -> 1611.3 | E269: ='All_India_Index_Upto_April23 (1'!E269+'All_India_Index_Upto_April23 (1'!F269 -> 339.7 | F269: 182.4 | G269: ='All_India_Index_Upto_April23 (1'!R269+'All_India_Index_Upto_April23 (1'!S269+'All_India_Index_Upto_April23 (1'!T269 -> 458.8 | H269: ='All_India_Index_Upto_April23 (1'!U269+'All_India_Index_Upto_April23 (1'!W269 -> 151.7 | I269: 144.9 | J269: 158.2 | K269: 141.4 | L269: ='All_India_Index_Upto_April23 (1'!Z269+'All_India_Index_Upto_April23 (1'!AA269+'All_India_Index_Upto_April23 (1'!AB269+'All_India_Index_Upto_April23 (1'!AC269+'All_India_Index_Upto_April23 (1'!AD269 -> 770.6 | M269: =D269+E269+F269+G269+H269+I269+J269+K269+L269 -> 3959 | N269: =D269/M269*100 -> 40.699672 | O269: =E269/M269*100 -> 8.5804496 | P269: =F269/M269*100 -> 4.607224 | Q269: =G269/M269*100 -> 11.588785 | R269: =H269/M269*100 -> 3.8317757 | S269: =I269/M269*100 -> 3.6600152 | T269: =J269/M269*100 -> 3.9959586 | U269: =K269/M269*100 -> 3.571609 | V269: =L269/M269*100 -> 19.464511 | W269: =N269+O269+P269+Q269+R269+S269+T269+U269+V269 -> 100
A270: Urban | B270: 2020 | C270: July | D270: ='All_India_Index_Upto_April23 (1'!D270+'All_India_Index_Upto_April23 (1'!G270+'All_India_Index_Upto_April23 (1'!H270+'All_India_Index_Upto_April23 (1'!I270+'All_India_Index_Upto_April23 (1'!J270+'All_India_Index_Upto_April23 (1'!K270+'All_India_Index_Upto_April23 (1'!L270+'All_India_Index_Upto_April23 (1'!M270+'All_India_Index_Upto_April23 (1'!N270+'All_India_Index_Upto_April23 (1'!O270+'All_India_Index_Upto_April23 (1'!P270 -> 1643.4 | E270: ='All_India_Index_Upto_April23 (1'!E270+'All_India_Index_Upto_April23 (1'!F270 -> 351.6 | F270: 186.7 | G270: ='All_India_Index_Upto_April23 (1'!R270+'All_India_Index_Upto_April23 (1'!S270+'All_India_Index_Upto_April23 (1'!T270 -> 432.9 | H270: ='All_India_Index_Upto_April23 (1'!U270+'All_India_Index_Upto_April23 (1'!W270 -> 295.1 | I270: 137.1 | J270: 148.1 | K270: 129.3 | L270: ='All_India_Index_Upto_April23 (1'!Z270+'All_India_Index_Upto_April23 (1'!AA270+'All_India_Index_Upto_April23 (1'!AB270+'All_India_Index_Upto_April23 (1'!AC270+'All_India_Index_Upto_April23 (1'!AD270 -> 742 | M270: =D270+E270+F270+G270+H270+I270+J270+K270+L270 -> 4066.2 | N270: =D270/M270*100 -> 40.416113 | O270: =E270/M270*100 -> 8.6468939 | P270: =F270/M270*100 -> 4.5915105 | Q270: =G270/M270*100 -> 10.646304 | R270: =H270/M270*100 -> 7.2573902 | S270: =I270/M270*100 -> 3.3716984 | T270: =J270/M270*100 -> 3.6422212 | U270: =K270/M270*100 -> 3.1798731 | V270: =L270/M270*100 -> 18.247996 | W270: =N270+O270+P270+Q270+R270+S270+T270+U270+V270 -> 100
A271: Rural+Urban | B271: 2020 | C271: July | D271: ='All_India_Index_Upto_April23 (1'!D271+'All_India_Index_Upto_April23 (1'!G271+'All_India_Index_Upto_April23 (1'!H271+'All_India_Index_Upto_April23 (1'!I271+'All_India_Index_Upto_April23 (1'!J271+'All_India_Index_Upto_April23 (1'!K271+'All_India_Index_Upto_April23 (1'!L271+'All_India_Index_Upto_April23 (1'!M271+'All_India_Index_Upto_April23 (1'!N271+'All_India_Index_Upto_April23 (1'!O271+'All_India_Index_Upto_April23 (1'!P271 -> 1622.7 | E271: ='All_India_Index_Upto_April23 (1'!E271+'All_India_Index_Upto_April23 (1'!F271 -> 344.1 | F271: 183.5 | G271: ='All_India_Index_Upto_April23 (1'!R271+'All_India_Index_Upto_April23 (1'!S271+'All_India_Index_Upto_April23 (1'!T271 -> 448.3 | H271: ='All_India_Index_Upto_April23 (1'!U271+'All_India_Index_Upto_April23 (1'!W271 -> 301.1 | I271: 141.9 | J271: 154.4 | K271: 135 | L271: ='All_India_Index_Upto_April23 (1'!Z271+'All_India_Index_Upto_April23 (1'!AA271+'All_India_Index_Upto_April23 (1'!AB271+'All_India_Index_Upto_April23 (1'!AC271+'All_India_Index_Upto_April23 (1'!AD271 -> 755.1 | M271: =D271+E271+F271+G271+H271+I271+J271+K271+L271 -> 4086.1 | N271: =D271/M271*100 -> 39.712684 | O271: =E271/M271*100 -> 8.421233 | P271: =F271/M271*100 -> 4.4908348 | Q271: =G271/M271*100 -> 10.971342 | R271: =H271/M271*100 -> 7.3688848 | S271: =I271/M271*100 -> 3.4727491 | T271: =J271/M271*100 -> 3.7786643 | U271: =K271/M271*100 -> 3.3038839 | V271: =L271/M271*100 -> 18.479724 | W271: =N271+O271+P271+Q271+R271+S271+T271+U271+V271 -> 100
A272: Rural | B272: 2020 | C272: August | D272: ='All_India_Index_Upto_April23 (1'!D272+'All_India_Index_Upto_April23 (1'!G272+'All_India_Index_Upto_April23 (1'!H272+'All_India_Index_Upto_April23 (1'!I272+'All_India_Index_Upto_April23 (1'!J272+'All_India_Index_Upto_April23 (1'!K272+'All_India_Index_Upto_April23 (1'!L272+'All_India_Index_Upto_April23 (1'!M272+'All_India_Index_Upto_April23 (1'!N272+'All_India_Index_Upto_April23 (1'!O272+'All_India_Index_Upto_April23 (1'!P272 -> 1643 | E272: ='All_India_Index_Upto_April23 (1'!E272+'All_India_Index_Upto_April23 (1'!F272 -> 335.6 | F272: 180.9 | G272: ='All_India_Index_Upto_April23 (1'!R272+'All_India_Index_Upto_April23 (1'!S272+'All_India_Index_Upto_April23 (1'!T272 -> 458.7 | H272: ='All_India_Index_Upto_April23 (1'!U272+'All_India_Index_Upto_April23 (1'!W272 -> 151.9 | I272: 145.8 | J272: 158.8 | K272: 143.6 | L272: ='All_India_Index_Upto_April23 (1'!Z272+'All_India_Index_Upto_April23 (1'!AA272+'All_India_Index_Upto_April23 (1'!AB272+'All_India_Index_Upto_April23 (1'!AC272+'All_India_Index_Upto_April23 (1'!AD272 -> 776.2 | M272: =D272+E272+F272+G272+H272+I272+J272+K272+L272 -> 3994.5 | N272: =D272/M272*100 -> 41.131556 | O272: =E272/M272*100 -> 8.4015521 | P272: =F272/M272*100 -> 4.528727 | Q272: =G272/M272*100 -> 11.48329 | R272: =H272/M272*100 -> 3.8027288 | S272: =I272/M272*100 -> 3.6500188 | T272: =J272/M272*100 -> 3.9754663 | U272: =K272/M272*100 -> 3.594943 | V272: =L272/M272*100 -> 19.431719 | W272: =N272+O272+P272+Q272+R272+S272+T272+U272+V272 -> 100
A273: Urban | B273: 2020 | C273: August | D273: ='All_India_Index_Upto_April23 (1'!D273+'All_India_Index_Upto_April23 (1'!G273+'All_India_Index_Upto_April23 (1'!H273+'All_India_Index_Upto_April23 (1'!I273+'All_India_Index_Upto_April23 (1'!J273+'All_India_Index_Upto_April23 (1'!K273+'All_India_Index_Upto_April23 (1'!L273+'All_India_Index_Upto_April23 (1'!M273+'All_India_Index_Upto_April23 (1'!N273+'All_India_Index_Upto_April23 (1'!O273+'All_India_Index_Upto_April23 (1'!P273 -> 1672.6 | E273: ='All_India_Index_Upto_April23 (1'!E273+'All_India_Index_Upto_April23 (1'!F273 -> 352.3 | F273: 187.2 | G273: ='All_India_Index_Upto_April23 (1'!R273+'All_India_Index_Upto_April23 (1'!S273+'All_India_Index_Upto_April23 (1'!T273 -> 433 | H273: ='All_India_Index_Upto_April23 (1'!U273+'All_India_Index_Upto_April23 (1'!W273 -> 300 | I273: 138.3 | J273: 148.7 | K273: 133.9 | L273: ='All_India_Index_Upto_April23 (1'!Z273+'All_India_Index_Upto_April23 (1'!AA273+'All_India_Index_Upto_April23 (1'!AB273+'All_India_Index_Upto_April23 (1'!AC273+'All_India_Index_Upto_April23 (1'!AD273 -> 749.6 | M273: =D273+E273+F273+G273+H273+I273+J273+K273+L273 -> 4115.6 | N273: =D273/M273*100 -> 40.64049 | O273: =E273/M273*100 -> 8.5601127 | P273: =F273/M273*100 -> 4.548547 | Q273: =G273/M273*100 -> 10.520945 | R273: =H273/M273*100 -> 7.2893381 | S273: =I273/M273*100 -> 3.3603849 | T273: =J273/M273*100 -> 3.6130819 | U273: =K273/M273*100 -> 3.2534746 | V273: =L273/M273*100 -> 18.213626 | W273: =N273+O273+P273+Q273+R273+S273+T273+U273+V273 -> 100
A274: Rural+Urban | B274: 2020 | C274: August | D274: ='All_India_Index_Upto_April23 (1'!D274+'All_India_Index_Upto_April23 (1'!G274+'All_India_Index_Upto_April23 (1'!H274+'All_India_Index_Upto_April23 (1'!I274+'All_India_Index_Upto_April23 (1'!J274+'All_India_Index_Upto_April23 (1'!K274+'All_India_Index_Upto_April23 (1'!L274+'All_India_Index_Upto_April23 (1'!M274+'All_India_Index_Upto_April23 (1'!N274+'All_India_Index_Upto_April23 (1'!O274+'All_India_Index_Upto_April23 (1'!P274 -> 1653.5 | E274: ='All_India_Index_Upto_April23 (1'!E274+'All_India_Index_Upto_April23 (1'!F274 -> 341.7 | F274: 182.6 | G274: ='All_India_Index_Upto_April23 (1'!R274+'All_India_Index_Upto_April23 (1'!S274+'All_India_Index_Upto_April23 (1'!T274 -> 448.2 | H274: ='All_India_Index_Upto_April23 (1'!U274+'All_India_Index_Upto_April23 (1'!W274 -> 303.9 | I274: 143 | J274: 155 | K274: 138.5 | L274: ='All_India_Index_Upto_April23 (1'!Z274+'All_India_Index_Upto_April23 (1'!AA274+'All_India_Index_Upto_April23 (1'!AB274+'All_India_Index_Upto_April23 (1'!AC274+'All_India_Index_Upto_April23 (1'!AD274 -> 761.7 | M274: =D274+E274+F274+G274+H274+I274+J274+K274+L274 -> 4128.1 | N274: =D274/M274*100 -> 40.054747 | O274: =E274/M274*100 -> 8.2774158 | P274: =F274/M274*100 -> 4.4233425 | Q274: =G274/M274*100 -> 10.857295 | R274: =H274/M274*100 -> 7.3617403 | S274: =I274/M274*100 -> 3.4640634 | T274: =J274/M274*100 -> 3.754754 | U274: =K274/M274*100 -> 3.3550544 | V274: =L274/M274*100 -> 18.451588 | W274: =N274+O274+P274+Q274+R274+S274+T274+U274+V274 -> 100
A275: Rural | B275: 2020 | C275: September | D275: ='All_India_Index_Upto_April23 (1'!D275+'All_India_Index_Upto_April23 (1'!G275+'All_India_Index_Upto_April23 (1'!H275+'All_India_Index_Upto_April23 (1'!I275+'All_India_Index_Upto_April23 (1'!J275+'All_India_Index_Upto_April23 (1'!K275+'All_India_Index_Upto_April23 (1'!L275+'All_India_Index_Upto_April23 (1'!M275+'All_India_Index_Upto_April23 (1'!N275+'All_India_Index_Upto_April23 (1'!O275+'All_India_Index_Upto_April23 (1'!P275 -> 1654 | E275: ='All_India_Index_Upto_April23 (1'!E275+'All_India_Index_Upto_April23 (1'!F275 -> 333.4 | F275: 182.9 | G275: ='All_India_Index_Upto_April23 (1'!R275+'All_India_Index_Upto_April23 (1'!S275+'All_India_Index_Upto_April23 (1'!T275 -> 459.9 | H275: ='All_India_Index_Upto_April23 (1'!U275+'All_India_Index_Upto_April23 (1'!W275 -> 151.6 | I275: 146.4 | J275: 159.1 | K275: 144.6 | L275: ='All_India_Index_Upto_April23 (1'!Z275+'All_India_Index_Upto_April23 (1'!AA275+'All_India_Index_Upto_April23 (1'!AB275+'All_India_Index_Upto_April23 (1'!AC275+'All_India_Index_Upto_April23 (1'!AD275 -> 780.4 | M275: =D275+E275+F275+G275+H275+I275+J275+K275+L275 -> 4012.3 | N275: =D275/M275*100 -> 41.223239 | O275: =E275/M275*100 -> 8.3094484 | P275: =F275/M275*100 -> 4.5584827 | Q275: =G275/M275*100 -> 11.462254 | R275: =H275/M275*100 -> 3.7783815 | S275: =I275/M275*100 -> 3.64878 | T275: =J275/M275*100 -> 3.9653067 | U275: =K275/M275*100 -> 3.603918 | V275: =L275/M275*100 -> 19.450191 | W275: =N275+O275+P275+Q275+R275+S275+T275+U275+V275 -> 100
A276: Urban | B276: 2020 | C276: September | D276: ='All_India_Index_Upto_April23 (1'!D276+'All_India_Index_Upto_April23 (1'!G276+'All_India_Index_Upto_April23 (1'!H276+'All_India_Index_Upto_April23 (1'!I276+'All_India_Index_Upto_April23 (1'!J276+'All_India_Index_Upto_April23 (1'!K276+'All_India_Index_Upto_April23 (1'!L276+'All_India_Index_Upto_April23 (1'!M276+'All_India_Index_Upto_April23 (1'!N276+'All_India_Index_Upto_April23 (1'!O276+'All_India_Index_Upto_April23 (1'!P276 -> 1691.2 | E276: ='All_India_Index_Upto_April23 (1'!E276+'All_India_Index_Upto_April23 (1'!F276 -> 350.4 | F276: 188.7 | G276: ='All_India_Index_Upto_April23 (1'!R276+'All_India_Index_Upto_April23 (1'!S276+'All_India_Index_Upto_April23 (1'!T276 -> 434.6 | H276: ='All_India_Index_Upto_April23 (1'!U276+'All_India_Index_Upto_April23 (1'!W276 -> 301.7 | I276: 137.2 | J276: 150 | K276: 135.1 | L276: ='All_India_Index_Upto_April23 (1'!Z276+'All_India_Index_Upto_April23 (1'!AA276+'All_India_Index_Upto_April23 (1'!AB276+'All_India_Index_Upto_April23 (1'!AC276+'All_India_Index_Upto_April23 (1'!AD276 -> 756.5 | M276: =D276+E276+F276+G276+H276+I276+J276+K276+L276 -> 4145.4 | N276: =D276/M276*100 -> 40.797028 | O276: =E276/M276*100 -> 8.4527428 | P276: =F276/M276*100 -> 4.5520336 | Q276: =G276/M276*100 -> 10.48391 | R276: =H276/M276*100 -> 7.2779466 | S276: =I276/M276*100 -> 3.3096927 | T276: =J276/M276*100 -> 3.6184687 | U276: =K276/M276*100 -> 3.2590341 | V276: =L276/M276*100 -> 18.249144 | W276: =N276+O276+P276+Q276+R276+S276+T276+U276+V276 -> 100
A277: Rural+Urban | B277: 2020 | C277: September | D277: ='All_India_Index_Upto_April23 (1'!D277+'All_India_Index_Upto_April23 (1'!G277+'All_India_Index_Upto_April23 (1'!H277+'All_India_Index_Upto_April23 (1'!I277+'All_India_Index_Upto_April23 (1'!J277+'All_India_Index_Upto_April23 (1'!K277+'All_India_Index_Upto_April23 (1'!L277+'All_India_Index_Upto_April23 (1'!M277+'All_India_Index_Upto_April23 (1'!N277+'All_India_Index_Upto_April23 (1'!O277+'All_India_Index_Upto_April23 (1'!P277 -> 1667.4 | E277: ='All_India_Index_Upto_April23 (1'!E277+'All_India_Index_Upto_April23 (1'!F277 -> 339.6 | F277: 184.4 | G277: ='All_India_Index_Upto_April23 (1'!R277+'All_India_Index_Upto_April23 (1'!S277+'All_India_Index_Upto_April23 (1'!T277 -> 449.7 | H277: ='All_India_Index_Upto_April23 (1'!U277+'All_India_Index_Upto_April23 (1'!W277 -> 305 | I277: 142.9 | J277: 155.6 | K277: 139.6 | L277: ='All_India_Index_Upto_April23 (1'!Z277+'All_India_Index_Upto_April23 (1'!AA277+'All_India_Index_Upto_April23 (1'!AB277+'All_India_Index_Upto_April23 (1'!AC277+'All_India_Index_Upto_April23 (1'!AD277 -> 767.2 | M277: =D277+E277+F277+G277+H277+I277+J277+K277+L277 -> 4151.4 | N277: =D277/M277*100 -> 40.164764 | O277: =E277/M277*100 -> 8.1803729 | P277: =F277/M277*100 -> 4.441875 | Q277: =G277/M277*100 -> 10.83249 | R277: =H277/M277*100 -> 7.3469191 | S277: =I277/M277*100 -> 3.4422123 | T277: =J277/M277*100 -> 3.7481332 | U277: =K277/M277*100 -> 3.362721 | V277: =L277/M277*100 -> 18.480513 | W277: =N277+O277+P277+Q277+R277+S277+T277+U277+V277 -> 100
... A367: Rural+Urban | B367: 2023 | C367: March | D367: ='All_India_Index_Upto_April23 (1'!D367+'All_India_Index_Upto_April23 (1'!G367+'All_India_Index_Upto_April23 (1'!H367+'All_India_Index_Upto_April23 (1'!I367+'All_India_Index_Upto_April23 (1'!J367+'All_India_Index_Upto_April23 (1'!K367+'All_India_Index_Upto_April23 (1'!L367+'All_India_Index_Upto_April23 (1'!M367+'All_India_Index_Upto_April23 (1'!N367+'All_India_Index_Upto_April23 (1'!O367+'All_India_Index_Upto_April23 (1'!P367 -> 1896.3 | E367: ='All_India_Index_Upto_April23 (1'!E367+'All_India_Index_Upto_April23 (1'!F367 -> 382.9 | F367: 199.5 | G367: ='All_India_Index_Upto_April23 (1'!R367+'All_India_Index_Upto_April23 (1'!S367+'All_India_Index_Upto_April23 (1'!T367 -> 549.9 | H367: ='All_India_Index_Upto_April23 (1'!U367+'All_India_Index_Upto_April23 (1'!W367 -> 347.7 | I367: 181.9 | J367: 184.4 | K367: 164.2 | L367: ='All_India_Index_Upto_April23 (1'!Z367+'All_India_Index_Upto_April23 (1'!AA367+'All_India_Index_Upto_April23 (1'!AB367+'All_India_Index_Upto_April23 (1'!AC367+'All_India_Index_Upto_April23 (1'!AD367 -> 877.6 | M367: =D367+E367+F367+G367+H367+I367+J367+K367+L367 -> 4784.4 | N367: =D367/M367*100 -> 39.635064 | O367: =E367/M367*100 -> 8.0030934 | P367: =F367/M367*100 -> 4.1698019 | Q367: =G367/M367*100 -> 11.493604 | R367: =H367/M367*100 -> 7.2673689 | S367: =I367/M367*100 -> 3.8019396 | T367: =J367/M367*100 -> 3.8541928 | U367: =K367/M367*100 -> 3.4319873 | V367: =L367/M367*100 -> 18.342948 | W367: =N367+O367+P367+Q367+R367+S367+T367+U367+V367 -> 100
A368: Rural | B368: 2023 | C368: April | D368: ='All_India_Index_Upto_April23 (1'!D368+'All_India_Index_Upto_April23 (1'!G368+'All_India_Index_Upto_April23 (1'!H368+'All_India_Index_Upto_April23 (1'!I368+'All_India_Index_Upto_April23 (1'!J368+'All_India_Index_Upto_April23 (1'!K368+'All_India_Index_Upto_April23 (1'!L368+'All_India_Index_Upto_April23 (1'!M368+'All_India_Index_Upto_April23 (1'!N368+'All_India_Index_Upto_April23 (1'!O368+'All_India_Index_Upto_April23 (1'!P368 -> 1899.4 | E368: ='All_India_Index_Upto_April23 (1'!E368+'All_India_Index_Upto_April23 (1'!F368 -> 374.8 | F368: 199.5 | G368: ='All_India_Index_Upto_April23 (1'!R368+'All_India_Index_Upto_April23 (1'!S368+'All_India_Index_Upto_April23 (1'!T368 -> 568.2 | H368: 179.1 | I368: 181.5 | J368: 187.2 | K368: 169.4 | L368: ='All_India_Index_Upto_April23 (1'!Z368+'All_India_Index_Upto_April23 (1'!AA368+'All_India_Index_Upto_April23 (1'!AB368+'All_India_Index_Upto_April23 (1'!AC368+'All_India_Index_Upto_April23 (1'!AD368 -> 894.1 | M368: =D368+E368+F368+G368+H368+I368+J368+K368+L368 -> 4653.2 | N368: =D368/M368*100 -> 40.819221 | O368: =E368/M368*100 -> 8.0546721 | P368: =F368/M368*100 -> 4.2873721 | Q368: =G368/M368*100 -> 12.210952 | R368: =H368/M368*100 -> 3.8489642 | S368: =I368/M368*100 -> 3.9005416 | T368: =J368/M368*100 -> 4.0230379 | U368: =K368/M368*100 -> 3.6405055 | V368: =L368/M368*100 -> 19.214734 | W368: =N368+O368+P368+Q368+R368+S368+T368+U368+V368 -> 100
A369: Urban | B369: 2023 | C369: April | D369: ='All_India_Index_Upto_April23 (1'!D369+'All_India_Index_Upto_April23 (1'!G369+'All_India_Index_Upto_April23 (1'!H369+'All_India_Index_Upto_April23 (1'!I369+'All_India_Index_Upto_April23 (1'!J369+'All_India_Index_Upto_April23 (1'!K369+'All_India_Index_Upto_April23 (1'!L369+'All_India_Index_Upto_April23 (1'!M369+'All_India_Index_Upto_April23 (1'!N369+'All_India_Index_Upto_April23 (1'!O369+'All_India_Index_Upto_April23 (1'!P369 -> 1931.6 | E369: ='All_India_Index_Upto_April23 (1'!E369+'All_India_Index_Upto_April23 (1'!F369 -> 386.1 | F369: 203.5 | G369: ='All_India_Index_Upto_April23 (1'!R369+'All_India_Index_Upto_April23 (1'!S369+'All_India_Index_Upto_April23 (1'!T369 -> 527.6 | H369: ='All_India_Index_Upto_April23 (1'!U369+'All_India_Index_Upto_April23 (1'!W369 -> 344.8 | I369: 182.1 | J369: 181.5 | K369: 160.1 | L369: ='All_India_Index_Upto_April23 (1'!Z369+'All_India_Index_Upto_April23 (1'!AA369+'All_India_Index_Upto_April23 (1'!AB369+'All_India_Index_Upto_April23 (1'!AC369+'All_India_Index_Upto_April23 (1'!AD369 -> 875.7 | M369: =D369+E369+F369+G369+H369+I369+J369+K369+L369 -> 4793 | N369: =D369/M369*100 -> 40.300438 | O369: =E369/M369*100 -> 8.0554976 | P369: =F369/M369*100 -> 4.2457751 | Q369: =G369/M369*100 -> 11.00772 | R369: =H369/M369*100 -> 7.1938243 | S369: =I369/M369*100 -> 3.7992906 | T369: =J369/M369*100 -> 3.7867724 | U369: =K369/M369*100 -> 3.3402879 | V369: =L369/M369*100 -> 18.270394 | W369: =N369+O369+P369+Q369+R369+S369+T369+U369+V369 -> 100
A370: Rural+Urban | B370: 2023 | C370: April | D370: ='All_India_Index_Upto_April23 (1'!D370+'All_India_Index_Upto_April23 (1'!G370+'All_India_Index_Upto_April23 (1'!H370+'All_India_Index_Upto_April23 (1'!I370+'All_India_Index_Upto_April23 (1'!J370+'All_India_Index_Upto_April23 (1'!K370+'All_India_Index_Upto_April23 (1'!L370+'All_India_Index_Upto_April23 (1'!M370+'All_India_Index_Upto_April23 (1'!N370+'All_India_Index_Upto_April23 (1'!O370+'All_India_Index_Upto_April23 (1'!P370 -> 1910.7 | E370: ='All_India_Index_Upto_April23 (1'!E370+'All_India_Index_Upto_April23 (1'!F370 -> 378.9 | F370: 200.6 | G370: ='All_India_Index_Upto_April23 (1'!R370+'All_India_Index_Upto_April23 (1'!S370+'All_India_Index_Upto_April23 (1'!T370 -> 551.8 | H370: ='All_India_Index_Upto_April23 (1'!U370+'All_India_Index_Upto_April23 (1'!W370 -> 349.8 | I370: 181.7 | J370: 185 | K370: 164.5 | L370: ='All_India_Index_Upto_April23 (1'!Z370+'All_India_Index_Upto_April23 (1'!AA370+'All_India_Index_Upto_April23 (1'!AB370+'All_India_Index_Upto_April23 (1'!AC370+'All_India_Index_Upto_April23 (1'!AD370 -> 884.2 | M370: =D370+E370+F370+G370+H370+I370+J370+K370+L370 -> 4807.2 | N370: =D370/M370*100 -> 39.74663 | O370: =E370/M370*100 -> 7.8819271 | P370: =F370/M370*100 -> 4.1729073 | Q370: =G370/M370*100 -> 11.478615 | R370: =H370/M370*100 -> 7.2765851 | S370: =I370/M370*100 -> 3.779747 | T370: =J370/M370*100 -> 3.8483941 | U370: =K370/M370*100 -> 3.4219504 | V370: =L370/M370*100 -> 18.393243 | W370: =N370+O370+P370+Q370+R370+S370+T370+U370+V370 -> 100
A371: Rural | B371: 2023 | C371: May | D371: ='All_India_Index_Upto_April23 (1'!D371+'All_India_Index_Upto_April23 (1'!G371+'All_India_Index_Upto_April23 (1'!H371+'All_India_Index_Upto_April23 (1'!I371+'All_India_Index_Upto_April23 (1'!J371+'All_India_Index_Upto_April23 (1'!K371+'All_India_Index_Upto_April23 (1'!L371+'All_India_Index_Upto_April23 (1'!M371+'All_India_Index_Upto_April23 (1'!N371+'All_India_Index_Upto_April23 (1'!O371+'All_India_Index_Upto_April23 (1'!P371 -> 1908.2 | E371: ='All_India_Index_Upto_April23 (1'!E371+'All_India_Index_Upto_April23 (1'!F371 -> 382.5 | F371: 199.9 | G371: ='All_India_Index_Upto_April23 (1'!R371+'All_India_Index_Upto_April23 (1'!S371+'All_India_Index_Upto_April23 (1'!T371 -> 569.9 | H371: 179.8 | I371: 182.5 | J371: 187.8 | K371: 169.7 | L371: ='All_India_Index_Upto_April23 (1'!Z371+'All_India_Index_Upto_April23 (1'!AA371+'All_India_Index_Upto_April23 (1'!AB371+'All_India_Index_Upto_April23 (1'!AC371+'All_India_Index_Upto_April23 (1'!AD371 -> 898.3 | M371: =D371+E371+F371+G371+H371+I371+J371+K371+L371 -> 4678.6 | N371: =D371/M371*100 -> 40.785705 | O371: =E371/M371*100 -> 8.1755226 | P371: =F371/M371*100 -> 4.2726457 | Q371: =G371/M371*100 -> 12.180994 | R371: =H371/M371*100 -> 3.84303 | S371: =I371/M371*100 -> 3.9007395 | T371: =J371/M371*100 -> 4.0140213 | U371: =K371/M371*100 -> 3.6271534 | V371: =L371/M371*100 -> 19.200188 | W371: =N371+O371+P371+Q371+R371+S371+T371+U371+V371 -> 100
A372: Urban | B372: 2023 | C372: May | D372: ='All_India_Index_Upto_April23 (1'!D372+'All_India_Index_Upto_April23 (1'!G372+'All_India_Index_Upto_April23 (1'!H372+'All_India_Index_Upto_April23 (1'!I372+'All_India_Index_Upto_April23 (1'!J372+'All_India_Index_Upto_April23 (1'!K372+'All_India_Index_Upto_April23 (1'!L372+'All_India_Index_Upto_April23 (1'!M372+'All_India_Index_Upto_April23 (1'!N372+'All_India_Index_Upto_April23 (1'!O372+'All_India_Index_Upto_April23 (1'!P372 -> 1939 | E372: ='All_India_Index_Upto_April23 (1'!E372+'All_India_Index_Upto_April23 (1'!F372 -> 396.1 | F372: 204.2 | G372: ='All_India_Index_Upto_April23 (1'!R372+'All_India_Index_Upto_April23 (1'!S372+'All_India_Index_Upto_April23 (1'!T372 -> 528.7 | H372: ='All_India_Index_Upto_April23 (1'!U372+'All_India_Index_Upto_April23 (1'!W372 -> 345.7 | I372: 183.4 | J372: 182.2 | K372: 160.4 | L372: ='All_India_Index_Upto_April23 (1'!Z372+'All_India_Index_Upto_April23 (1'!AA372+'All_India_Index_Upto_April23 (1'!AB372+'All_India_Index_Upto_April23 (1'!AC372+'All_India_Index_Upto_April23 (1'!AD372 -> 879.4 | M372: =D372+E372+F372+G372+H372+I372+J372+K372+L372 -> 4819.1 | N372: =D372/M372*100 -> 40.235729 | O372: =E372/M372*100 -> 8.2193771 | P372: =F372/M372*100 -> 4.2373057 | Q372: =G372/M372*100 -> 10.970928 | R372: =H372/M372*100 -> 7.1735386 | S372: =I372/M372*100 -> 3.8056899 | T372: =J372/M372*100 -> 3.7807889 | U372: =K372/M372*100 -> 3.3284223 | V372: =L372/M372*100 -> 18.248221 | W372: =N372+O372+P372+Q372+R372+S372+T372+U372+V372 -> 100
A373: Rural+Urban | B373: 2023 | C373: May | D373: ='All_India_Index_Upto_April23 (1'!D373+'All_India_Index_Upto_April23 (1'!G373+'All_India_Index_Upto_April23 (1'!H373+'All_India_Index_Upto_April23 (1'!I373+'All_India_Index_Upto_April23 (1'!J373+'All_India_Index_Upto_April23 (1'!K373+'All_India_Index_Upto_April23 (1'!L373+'All_India_Index_Upto_April23 (1'!M373+'All_India_Index_Upto_April23 (1'!N373+'All_India_Index_Upto_April23 (1'!O373+'All_India_Index_Upto_April23 (1'!P373 -> 1919.4 | E373: ='All_India_Index_Upto_April23 (1'!E373+'All_India_Index_Upto_April23 (1'!F373 -> 387.5 | F373: 201 | G373: ='All_India_Index_Upto_April23 (1'!R373+'All_India_Index_Upto_April23 (1'!S373+'All_India_Index_Upto_April23 (1'!T373 -> 553.2 | H373: ='All_India_Index_Upto_April23 (1'!U373+'All_India_Index_Upto_April23 (1'!W373 -> 350.8 | I373: 182.8 | J373: 185.7 | K373: 164.8 | L373: ='All_India_Index_Upto_April23 (1'!Z373+'All_India_Index_Upto_April23 (1'!AA373+'All_India_Index_Upto_April23 (1'!AB373+'All_India_Index_Upto_April23 (1'!AC373+'All_India_Index_Upto_April23 (1'!AD373 -> 888.3 | M373: =D373+E373+F373+G373+H373+I373+J373+K373+L373 -> 4833.5 | N373: =D373/M373*100 -> 39.710355 | O373: =E373/M373*100 -> 8.0169649 | P373: =F373/M373*100 -> 4.1584773 | Q373: =G373/M373*100 -> 11.445123 | R373: =H373/M373*100 -> 7.2576808 | S373: =I373/M373*100 -> 3.7819386 | T373: =J373/M373*100 -> 3.8419365 | U373: =K373/M373*100 -> 3.4095376 | V373: =L373/M373*100 -> 18.377987 | W373: =N373+O373+P373+Q373+R373+S373+T373+U373+V373 -> 100

Sheet QUESTION 1
A1: Sector | B1: Year | C1: Month | D1: FOOD | E1: MEAT FISH AND EGG | F1: Pan, tobacco and intoxicants | G1: WEARABLE | H1: HOUSING | I1: Fuel and light | J1: Health | K1: Transport and communication | L1: OTHERS | M1: TOTAL | N1: FOOD INFLATION | O1: MEAT FISH AND EGG INFLATION | P1: PAN TOBACCO AND INTOXICANTS INFLARTION | Q1: WEARABLE INFLATION | R1: HOUSING INFLATION | S1: FUEL AND LIGHT INFLATION | T1: HEALTH INFLATION | U1: TRANSPORT INFLATION | V1: OTHERS INFLATION | W1: %
A2: Rural | B2: 2023 | C2: May | D2: ='All_India_Index_Upto_April23 (1'!D2+'All_India_Index_Upto_April23 (1'!G2+'All_India_Index_Upto_April23 (1'!H2+'All_India_Index_Upto_April23 (1'!I2+'All_India_Index_Upto_April23 (1'!J2+'All_India_Index_Upto_April23 (1'!K2+'All_India_Index_Upto_April23 (1'!L2+'All_India_Index_Upto_April23 (1'!M2+'All_India_Index_Upto_April23 (1'!N2+'All_India_Index_Upto_April23 (1'!O2+'All_India_Index_Upto_April23 (1'!P2 -> 1157.3 | E2: ='All_India_Index_Upto_April23 (1'!E2+'All_India_Index_Upto_April23 (1'!F2 -> 214.4 | F2: 199.9 | G2: ='All_India_Index_Upto_April23 (1'!R2+'All_India_Index_Upto_April23 (1'!S2+'All_India_Index_Upto_April23 (1'!T2 -> 318.7 | H2: ='All_India_Index_Upto_April23 (1'!U2+'All_India_Index_Upto_April23 (1'!W2 -> 104.8 | I2: 182.5 | J2: 187.8 | K2: 169.7 | L2: ='All_India_Index_Upto_April23 (1'!Z2+'All_India_Index_Upto_April23 (1'!AA2+'All_India_Index_Upto_April23 (1'!AB2+'All_India_Index_Upto_April23 (1'!AC2+'All_India_Index_Upto_April23 (1'!AD2 -> 521 | M2: =D2+E2+F2+G2+H2+I2+J2+K2+L2 -> 3056.1 | N2: =D2/M2*100 -> 37.868525 | O2: =E2/M2*100 -> 7.0154772 | P2: =F2/M2*100 -> 6.5410163 | Q2: =G2/M2*100 -> 10.428324 | R2: =H2/M2*100 -> 3.4292072 | S2: =I2/M2*100 -> 5.9716632 | T2: =J2/M2*100 -> 6.1450869 | U2: =K2/M2*100 -> 5.5528288 | V2: =L2/M2*100 -> 17.047871 | W2: =N2+O2+P2+Q2+R2+S2+T2+U2+V2 -> 100
A3: Urban | B3: 2023 | C3: May | D3: ='All_India_Index_Upto_April23 (1'!D3+'All_India_Index_Upto_April23 (1'!G3+'All_India_Index_Upto_April23 (1'!H3+'All_India_Index_Upto_April23 (1'!I3+'All_India_Index_Upto_April23 (1'!J3+'All_India_Index_Upto_April23 (1'!K3+'All_India_Index_Upto_April23 (1'!L3+'All_India_Index_Upto_April23 (1'!M3+'All_India_Index_Upto_April23 (1'!N3+'All_India_Index_Upto_April23 (1'!O3+'All_India_Index_Upto_April23 (1'!P3 -> 1154.3 | E3: ='All_India_Index_Upto_April23 (1'!E3+'All_India_Index_Upto_April23 (1'!F3 -> 222.1 | F3: 204.2 | G3: ='All_India_Index_Upto_April23 (1'!R3+'All_India_Index_Upto_April23 (1'!S3+'All_India_Index_Upto_April23 (1'!T3 -> 316.7 | H3: ='All_India_Index_Upto_April23 (1'!U3+'All_India_Index_Upto_April23 (1'!W3 -> 205.1 | I3: 183.4 | J3: 182.2 | K3: 160.4 | L3: ='All_India_Index_Upto_April23 (1'!Z3+'All_India_Index_Upto_April23 (1'!AA3+'All_India_Index_Upto_April23 (1'!AB3+'All_India_Index_Upto_April23 (1'!AC3+'All_India_Index_Upto_April23 (1'!AD3 -> 518.4 | M3: =D3+E3+F3+G3+H3+I3+J3+K3+L3 -> 3146.8 | N3: =D3/M3*100 -> 36.681708 | O3: =E3/M3*100 -> 7.0579636 | P3: =F3/M3*100 -> 6.4891318 | Q3: =G3/M3*100 -> 10.064192 | R3: =H3/M3*100 -> 6.5177323 | S3: =I3/M3*100 -> 5.8281429 | T3: =J3/M3*100 -> 5.7900089 | U3: =K3/M3*100 -> 5.0972416 | V3: =L3/M3*100 -> 16.473878 | W3: =N3+O3+P3+Q3+R3+S3+T3+U3+V3 -> 100
A4: Rural+Urban | B4: 2023 | C4: May | D4: ='All_India_Index_Upto_April23 (1'!D4+'All_India_Index_Upto_April23 (1'!G4+'All_India_Index_Upto_April23 (1'!H4+'All_India_Index_Upto_April23 (1'!I4+'All_India_Index_Upto_April23 (1'!J4+'All_India_Index_Upto_April23 (1'!K4+'All_India_Index_Upto_April23 (1'!L4+'All_India_Index_Upto_April23 (1'!M4+'All_India_Index_Upto_April23 (1'!N4+'All_India_Index_Upto_April23 (1'!O4+'All_India_Index_Upto_April23 (1'!P4 -> 1156 | E4: ='All_India_Index_Upto_April23 (1'!E4+'All_India_Index_Upto_April23 (1'!F4 -> 217.3 | F4: 201 | G4: ='All_India_Index_Upto_April23 (1'!R4+'All_India_Index_Upto_April23 (1'!S4+'All_India_Index_Upto_April23 (1'!T4 -> 318 | H4: ='All_India_Index_Upto_April23 (1'!U4+'All_India_Index_Upto_April23 (1'!W4 -> 205.1 | I4: 182.8 | J4: 185.7 | K4: 164.8 | L4: ='All_India_Index_Upto_April23 (1'!Z4+'All_India_Index_Upto_April23 (1'!AA4+'All_India_Index_Upto_April23 (1'!AB4+'All_India_Index_Upto_April23 (1'!AC4+'All_India_Index_Upto_April23 (1'!AD4 -> 519.7 | M4: =D4+E4+F4+G4+H4+I4+J4+K4+L4 -> 3150.4 | N4: =D4/M4*100 -> 36.693753 | O4: =E4/M4*100 -> 6.8975368 | P4: =F4/M4*100 -> 6.3801422 | Q4: =G4/M4*100 -> 10.093956 | R4: =H4/M4*100 -> 6.5102844 | S4: =I4/M4*100 -> 5.8024378 | T4: =J4/M4*100 -> 5.8944896 | U4: =K4/M4*100 -> 5.2310818 | V4: =L4/M4*100 -> 16.496318 | W4: =N4+O4+P4+Q4+R4+S4+T4+U4+V4 -> 100
I7: Food has the highest contribution towards CPI
A371: Rural | B371: 2023 | C371: May | D371: ='All_India_Index_Upto_April23 (1'!D371+'All_India_Index_Upto_April23 (1'!G371+'All_India_Index_Upto_April23 (1'!H371+'All_India_Index_Upto_April23 (1'!I371+'All_India_Index_Upto_April23 (1'!J371+'All_India_Index_Upto_April23 (1'!K371+'All_India_Index_Upto_April23 (1'!L371+'All_India_Index_Upto_April23 (1'!M371+'All_India_Index_Upto_April23 (1'!N371+'All_India_Index_Upto_April23 (1'!O371+'All_India_Index_Upto_April23 (1'!P371 -> 1908.2 | E371: ='All_India_Index_Upto_April23 (1'!E371+'All_India_Index_Upto_April23 (1'!F371 -> 382.5 | F371: 199.9 | G371: ='All_India_Index_Upto_April23 (1'!R371+'All_India_Index_Upto_April23 (1'!S371+'All_India_Index_Upto_April23 (1'!T371 -> 569.9 | H371: ='All_India_Index_Upto_April23 (1'!U371+'All_India_Index_Upto_April23 (1'!W371 -> #VALUE! | I371: 182.5 | J371: 187.8 | K371: 169.7 | L371: ='All_India_Index_Upto_April23 (1'!Z371+'All_India_Index_Upto_April23 (1'!AA371+'All_India_Index_Upto_April23 (1'!AB371+'All_India_Index_Upto_April23 (1'!AC371+'All_India_Index_Upto_April23 (1'!AD371 -> 898.3 | M371: =D371+E371+F371+G371+H371+I371+J371+K371+L371 -> #VALUE! | N371: =D371/M371*100 -> #VALUE! | O371: =E371/M371*100 -> #VALUE! | P371: =F371/M371*100 -> #VALUE! | Q371: =G371/M371*100 -> #VALUE! | R371: =H371/M371*100 -> #VALUE! | S371: =I371/M371*100 -> #VALUE! | T371: =J371/M371*100 -> #VALUE! | U371: =K371/M371*100 -> #VALUE! | V371: =L371/M371*100 -> #VALUE! | W371: =N371+O371+P371+Q371+R371+S371+T371+U371+V371 -> #VALUE!
A372: Urban | B372: 2023 | C372: May | D372: ='All_India_Index_Upto_April23 (1'!D372+'All_India_Index_Upto_April23 (1'!G372+'All_India_Index_Upto_April23 (1'!H372+'All_India_Index_Upto_April23 (1'!I372+'All_India_Index_Upto_April23 (1'!J372+'All_India_Index_Upto_April23 (1'!K372+'All_India_Index_Upto_April23 (1'!L372+'All_India_Index_Upto_April23 (1'!M372+'All_India_Index_Upto_April23 (1'!N372+'All_India_Index_Upto_April23 (1'!O372+'All_India_Index_Upto_April23 (1'!P372 -> 1939 | E372: ='All_India_Index_Upto_April23 (1'!E372+'All_India_Index_Upto_April23 (1'!F372 -> 396.1 | F372: 204.2 | G372: ='All_India_Index_Upto_April23 (1'!R372+'All_India_Index_Upto_April23 (1'!S372+'All_India_Index_Upto_April23 (1'!T372 -> 528.7 | H372: ='All_India_Index_Upto_April23 (1'!U372+'All_India_Index_Upto_April23 (1'!W372 -> 345.7 | I372: 183.4 | J372: 182.2 | K372: 160.4 | L372: ='All_India_Index_Upto_April23 (1'!Z372+'All_India_Index_Upto_April23 (1'!AA372+'All_India_Index_Upto_April23 (1'!AB372+'All_India_Index_Upto_April23 (1'!AC372+'All_India_Index_Upto_April23 (1'!AD372 -> 879.4 | M372: =D372+E372+F372+G372+H372+I372+J372+K372+L372 -> 4819.1 | N372: =D372/M372*100 -> 40.235729 | O372: =E372/M372*100 -> 8.2193771 | P372: =F372/M372*100 -> 4.2373057 | Q372: =G372/M372*100 -> 10.970928 | R372: =H372/M372*100 -> 7.1735386 | S372: =I372/M372*100 -> 3.8056899 | T372: =J372/M372*100 -> 3.7807889 | U372: =K372/M372*100 -> 3.3284223 | V372: =L372/M372*100 -> 18.248221 | W372: =N372+O372+P372+Q372+R372+S372+T372+U372+V372 -> 100
A373: Rural+Urban | B373: 2023 | C373: May | D373: ='All_India_Index_Upto_April23 (1'!D373+'All_India_Index_Upto_April23 (1'!G373+'All_India_Index_Upto_April23 (1'!H373+'All_India_Index_Upto_April23 (1'!I373+'All_India_Index_Upto_April23 (1'!J373+'All_India_Index_Upto_April23 (1'!K373+'All_India_Index_Upto_April23 (1'!L373+'All_India_Index_Upto_April23 (1'!M373+'All_India_Index_Upto_April23 (1'!N373+'All_India_Index_Upto_April23 (1'!O373+'All_India_Index_Upto_April23 (1'!P373 -> 1919.4 | E373: ='All_India_Index_Upto_April23 (1'!E373+'All_India_Index_Upto_April23 (1'!F373 -> 387.5 | F373: 201 | G373: ='All_India_Index_Upto_April23 (1'!R373+'All_India_Index_Upto_April23 (1'!S373+'All_India_Index_Upto_April23 (1'!T373 -> 553.2 | H373: ='All_India_Index_Upto_April23 (1'!U373+'All_India_Index_Upto_April23 (1'!W373 -> 350.8 | I373: 182.8 | J373: 185.7 | K373: 164.8 | L373: ='All_India_Index_Upto_April23 (1'!Z373+'All_India_Index_Upto_April23 (1'!AA373+'All_India_Index_Upto_April23 (1'!AB373+'All_India_Index_Upto_April23 (1'!AC373+'All_India_Index_Upto_April23 (1'!AD373 -> 888.3 | M373: =D373+E373+F373+G373+H373+I373+J373+K373+L373 -> 4833.5 | N373: =D373/M373*100 -> 39.710355 | O373: =E373/M373*100 -> 8.0169649 | P373: =F373/M373*100 -> 4.1584773 | Q373: =G373/M373*100 -> 11.445123 | R373: =H373/M373*100 -> 7.2576808 | S373: =I373/M373*100 -> 3.7819386 | T373: =J373/M373*100 -> 3.8419365 | U373: =K373/M373*100 -> 3.4095376 | V373: =L373/M373*100 -> 18.377987 | W373: =N373+O373+P373+Q373+R373+S373+T373+U373+V373 -> 100

Sheet QUESTION 2
A1: Sector | B1: Year | C1: Month | D1: TOTAL | E1: Y-O-Y
A2: Rural+Urban | B2: 2017 | C2: January | D2: 3537.3 | G2: Row Labels | H2: Average of Y-O-Y
A3: Rural+Urban | B3: 2017 | C3: February | D3: 3538.6 | G3: 2017
A4: Rural+Urban | B4: 2017 | C4: March | D4: 3541.4 | G4: 2018 | H4: 3.350131
A5: Rural+Urban | B5: 2017 | C5: April | D5: 3545.4 | G5: 2019 | H5: 3.7139212
A6: Rural+Urban | B6: 2017 | C6: May | D6: 3550.3 | G6: 2020 | H6: 6.370594
A7: Rural+Urban | B7: 2017 | C7: June | D7: 3567.5 | G7: 2021 | H7: 6.8369696
A8: Rural+Urban | B8: 2017 | C8: July | D8: 3613.7 | G8: 2022 | H8: 6.3930599
A9: Rural+Urban | B9: 2017 | C9: August | D9: 3642.3 | G9: 2023 | H9: 5.3890407
A10: Rural+Urban | B10: 2017 | C10: September | D10: 3637.9 | G10: Grand Total | H10: 5.3626155
A11: Rural+Urban | B11: 2017 | C11: October | D11: 3656.7
A12: Rural+Urban | B12: 2017 | C12: November | D12: 3700.5
A13: Rural+Urban | B13: 2017 | C13: December | D13: 3691.2
A14: Rural+Urban | B14: 2018 | C14: January | D14: 3682.4 | E14: =(D14-D2)/D2*100 -> 4.1019987
A15: Rural+Urban | B15: 2018 | C15: February | D15: 3667.1 | E15: =(D15-D3)/D3*100 -> 3.6313796
A16: Rural+Urban | B16: 2018 | C16: March | D16: 3670.5 | E16: =(D16-D4)/D4*100 -> 3.645451
A17: Rural+Urban | B17: 2018 | C17: April | D17: 3683.4 | E17: =(D17-D5)/D5*100 -> 3.8923676
A18: Rural+Urban | B18: 2018 | C18: May | D18: 3695.9 | E18: =(D18-D6)/D6*100 -> 4.1010619 | H18: Research indicates that 2021 saw the start of a major inflation surge driven by a unique combination of explosive consumer demand, severe
A19: Rural+Urban | B19: 2018 | C19: June | D19: 3717.1 | E19: =(D19-D7)/D7*100 -> 4.1934128 | H19: global supply chain bottlenecks and massive fiscal stimulus following the covid-19 pandemic
A20: Rural+Urban | B20: 2018 | C20: July | D20: 3747 | E20: =(D20-D8)/D8*100 -> 3.6887401
A21: Rural+Urban | B21: 2018 | C21: August | D21: 3759.7 | E21: =(D21-D9)/D9*100 -> 3.2232381 | H21: Supply chain Bottleneck : The pandemic caused severe supply disruptions, leading to shortages in critical components like semiconductors.
A22: Rural+Urban | B22: 2018 | C22: September | D22: 3750.2 | E22: =(D22-D10)/D10*100 -> 3.0869458
A23: Rural+Urban | B23: 2018 | C23: October | D23: 3768.2 | E23: =(D23-D11)/D11*100 -> 3.0491974 | H23: Rising Input Costs : Significant increases in food ,fuel, and raw material prices increased overall producer costs.
A24: Rural+Urban | B24: 2018 | C24: November | D24: 3767.3 | E24: =(D24-D12)/D12*100 -> 1.8051615
A25: Rural+Urban | B25: 2018 | C25: December | D25: 3757 | E25: =(D25-D13)/D13*100 -> 1.7826181 | H25: Surge in Demand for Goods : As economies reopened in 2021 ,consumer preferences shifted heavily toward goods over services , overwhelming global production and transportation networks.
A26: Rural+Urban | B26: 2019 | C26: January | D26: 3745 | E26: =(D26-D14)/D14*100 -> 1.6999783
A27: Rural+Urban | B27: 2019 | C27: February | D27: 3753.3 | E27: =(D27-D15)/D15*100 -> 2.3506313
A28: Rural+Urban | B28: 2019 | C28: March | D28: 3763.7 | E28: =(D28-D16)/D16*100 -> 2.5391636
A29: Rural+Urban | B29: 2019 | C29: May | D29: 3802.4 | E29: =(D29-D17)/D17*100 -> 3.2307108
A30: Rural+Urban | B30: 2019 | C30: June | D30: 3829.7 | E30: =(D30-D18)/D18*100 -> 3.6202278
A31: Rural+Urban | B31: 2019 | C31: July | D31: 3861.2 | E31: =(D31-D19)/D19*100 -> 3.8766781
A32: Rural+Urban | B32: 2019 | C32: August | D32: 3878.2 | E32: =(D32-D20)/D20*100 -> 3.5014678
A33: Rural+Urban | B33: 2019 | C33: September | D33: 3895.7 | E33: =(D33-D21)/D21*100 -> 3.6173099
A34: Rural+Urban | B34: 2019 | C34: October | D34: 3930.7 | E34: =(D34-D22)/D22*100 -> 4.8130766
A35: Rural+Urban | B35: 2019 | C35: November | D35: 3963.7 | E35: =(D35-D23)/D23*100 -> 5.1881535
A36: Rural+Urban | B36: 2019 | C36: December | D36: 4009 | E36: =(D36-D24)/D24*100 -> 6.4157354
A37: Rural+Urban | B37: 2020 | C37: January | D37: 4012.4 | E37: =(D37-D25)/D25*100 -> 6.7979771
... A77: Rural+Urban | B77: 2023 | C77: May | D77: 4833.5 | E77: =(D77-D65)/D65*100 -> 4.2309102

Sheet QUESTION 3(a)
A1: Sector | B1: Year | C1: Month | D1: FOOD | E1: MEAT FISH AND EGG | F1: PAN TOBACCO AND INTOXICANTS | G1: WEARABLE | H1: HOUSING | I1: FUEL AND LIGHT | J1: HEALTH | K1: TRANSPORT AND COMMUNICATION | L1: OTHER | M1: M-O-M | N1: FOOD INFLATION | Q1: MEAT FISH AND EGG INFLATION | T1: PAN TOBACCO AND INTOXICANTS INFLATION | W1: WEARABLE INFLATION | Z1: HOUSING INFLATION | AC1: FUEL AND LIGHT INFLATION | AF1: HEALTH INFLATION | AI1: TRANSPORT INFLATION | AL1: OTHERS INFLATION
A2: Rural+Urban | B2: 2022 | C2: May | D2: 1859.5 | E2: 379.4 | F2: 194.1 | G2: 518.6 | H2: 332.7 | I2: 174.6 | J2: 174.8 | K2: 163 | L2: 840.6
A3: Rural+Urban | B3: 2022 | C3: June | D3: 1871.7 | E3: 390.2 | F3: 194.3 | G3: 523 | H3: 333.2 | I3: 176 | J3: 175.4 | K3: 161.1 | L3: 844.3 | N3: =(D3-D2)/D2*100 -> 0.65609035 | O3: HIGHEST | P3: =MAX(N3:N14) -> 0.81997764 | Q3: =(E3-E2)/E2*100 -> 2.8465999 | R3: HIGHEST | S3: =MAX(Q3:Q14) -> 2.8465999 | T3: =(F3-F2)/F2*100 -> 0.10303967 | U3: HIGHEST | V3: =MAX(T3:T14) -> 0.65590313 | W3: =(G3-G2)/G2*100 -> 0.8484381 | X3: HIGHEST | Y3: =MAX(W3:W14) -> 0.8484381 | Z3: =(H3-H2)/H2*100 -> 0.15028554 | AA3: HIGHEST | AB3: =MAX(Z3:Z14) -> 0.7826087 | AC3: =(I3-I2)/I2*100 -> 0.80183276 | AD3: HIGHEST | AE3: =MAX(AC3:AC14) -> 2.0454545 | AF3: =(J3-J2)/J2*100 -> 0.34324943 | AG3: HIGHEST | AH3: =MAX(AF3:AF14) -> 1.1519473 | AI3: =(K3-K2)/K2*100 -> -1.1656442 | AJ3: HIGHEST | AK3: =MAX(AI3:AI14) -> 0.36968577 | AL3: =(L3-L2)/L2*100 -> 0.44016179 | AM3: HIGHEST | AN3: =MAX(AL3:AL14) -> 0.75205105
A4: Rural+Urban | B4: 2022 | C4: July | D4: 1878.1 | E4: 388.2 | F4: 194.6 | G4: 526.9 | H4: 335.2 | I4: 179.6 | J4: 176.1 | K4: 161.6 | L4: 849.2 | N4: =(D4-D3)/D3*100 -> 0.34193514 | O4: LOWEST | P4: =MIN(N3:N14) -> -1.1437566 | Q4: =(E4-E3)/E3*100 -> -0.51255766 | R4: LOWEST | S4: =MIN(Q3:Q14) -> -5.5034551 | T4: =(F4-F3)/F3*100 -> 0.15440041 | U4: LOWEST | V4: =MIN(T3:T14) -> 0 | W4: =(G4-G3)/G3*100 -> 0.7456979 | X4: LOWEST | Y4: =MIN(W3:W14) -> -0.018181818 | Z4: =(H4-H3)/H3*100 -> 0.6002401 | AA4: LOWEST | AB4: =MIN(Z3:Z14) -> -0.11655012 | AC4: =(I4-I3)/I3*100 -> 2.0454545 | AD4: LOWEST | AE4: =MIN(AC3:AC14) -> -0.4454343 | AF4: =(J4-J3)/J3*100 -> 0.3990878 | AG4: LOWEST | AH4: =MIN(AF3:AF14) -> 0 | AI4: =(K4-K3)/K3*100 -> 0.31036623 | AJ4: LOWEST | AK4: =MIN(AI3:AI14) -> -1.1656442 | AL4: =(L4-L3)/L3*100 -> 0.58036243 | AM4: LOWEST | AN4: =MIN(AL3:AL14) -> 0
A5: Rural+Urban | B5: 2022 | C5: August | D5: 1893.5 | E5: 375.7 | F5: 195 | G5: 530.7 | H5: 337.5 | I5: 178.8 | J5: 176.8 | K5: 161.9 | L5: 853.8 | N5: =(D5-D4)/D4*100 -> 0.81997764 | Q5: =(E5-E4)/E4*100 -> -3.2199897 | T5: =(F5-F4)/F4*100 -> 0.20554985 | W5: =(G5-G4)/G4*100 -> 0.72119947 | Z5: =(H5-H4)/H4*100 -> 0.68615752 | AC5: =(I5-I4)/I4*100 -> -0.4454343 | AF5: =(J5-J4)/J4*100 -> 0.39750142 | AI5: =(K5-K4)/K4*100 -> 0.18564356 | AL5: =(L5-L4)/L4*100 -> 0.54168629
A6: Rural+Urban | B6: 2022 | C6: September | D6: 1902 | E6: 378.9 | F6: 195.9 | G6: 535.1 | H6: 339 | I6: 179.5 | J6: 177.8 | K6: 162.3 | L6: 856.6 | N6: =(D6-D5)/D5*100 -> 0.44890415 | Q6: =(E6-E5)/E5*100 -> 0.85174341 | T6: =(F6-F5)/F5*100 -> 0.46153846 | W6: =(G6-G5)/G5*100 -> 0.82909365 | Z6: =(H6-H5)/H5*100 -> 0.44444444 | AC6: =(I6-I5)/I5*100 -> 0.39149888 | AF6: =(J6-J5)/J5*100 -> 0.56561086 | AI6: =(K6-K5)/K5*100 -> 0.24706609 | AL6: =(L6-L5)/L5*100 -> 0.32794565
A7: Rural+Urban | B7: 2022 | C7: October | D7: 1915.5 | E7: 381.8 | F7: 196.3 | G7: 538.2 | H7: 341.6 | I7: 180.5 | J7: 178.7 | K7: 162.9 | L7: 860.9 | N7: =(D7-D6)/D6*100 -> 0.70977918 | Q7: =(E7-E6)/E6*100 -> 0.76537345 | T7: =(F7-F6)/F6*100 -> 0.20418581 | W7: =(G7-G6)/G6*100 -> 0.57933097 | Z7: =(H7-H6)/H6*100 -> 0.76696165 | AC7: =(I7-I6)/I6*100 -> 0.55710306 | AF7: =(J7-J6)/J6*100 -> 0.50618673 | AI7: =(K7-K6)/K6*100 -> 0.36968577 | AL7: =(L7-L6)/L6*100 -> 0.50198459
A8: Rural+Urban | B8: 2022 | C8: November | D8: 1906 | E8: 390.8 | F8: 196.9 | G8: 541.4 | H8: 343.2 | I8: 181.3 | J8: 179.8 | K8: 163 | L8: 863.4 | N8: =(D8-D7)/D7*100 -> -0.49595406 | Q8: =(E8-E7)/E7*100 -> 2.3572551 | T8: =(F8-F7)/F7*100 -> 0.30565461 | W8: =(G8-G7)/G7*100 -> 0.59457451 | Z8: =(H8-H7)/H7*100 -> 0.46838407 | AC8: =(I8-I7)/I7*100 -> 0.4432133 | AF8: =(J8-J7)/J7*100 -> 0.6155568 | AI8: =(K8-K7)/K7*100 -> 0.061387354 | AL8: =(L8-L7)/L7*100 -> 0.29039377
A9: Rural+Urban | B9: 2022 | C9: December | D9: 1884.2 | E9: 399.2 | F9: 197.3 | G9: 544 | H9: 342.8 | I9: 182 | J9: 181.1 | K9: 163.4 | L9: 866.5 | N9: =(D9-D8)/D8*100 -> -1.1437566 | Q9: =(E9-E8)/E8*100 -> 2.1494371 | T9: =(F9-F8)/F8*100 -> 0.20314881 | W9: =(G9-G8)/G8*100 -> 0.48023642 | Z9: =(H9-H8)/H8*100 -> -0.11655012 | AC9: =(I9-I8)/I8*100 -> 0.38610039 | AF9: =(J9-J8)/J8*100 -> 0.72302558 | AI9: =(K9-K8)/K8*100 -> 0.24539877 | AL9: =(L9-L8)/L8*100 -> 0.35904563
A10: Rural+Urban | B10: 2023 | C10: January | D10: 1887.5 | E10: 405.2 | F10: 198.2 | G10: 546.3 | H10: 345 | I10: 182 | J10: 182.3 | K10: 163.6 | L10: 871.7 | N10: =(D10-D9)/D9*100 -> 0.17514064 | Q10: =(E10-E9)/E9*100 -> 1.503006 | T10: =(F10-F9)/F9*100 -> 0.45615813 | W10: =(G10-G9)/G9*100 -> 0.42279412 | Z10: =(H10-H9)/H9*100 -> 0.64177363 | AC10: =(I10-I9)/I9*100 -> 0 | AF10: =(J10-J9)/J9*100 -> 0.66261734 | AI10: =(K10-K9)/K9*100 -> 0.12239902 | AL10: =(L10-L9)/L9*100 -> 0.60011541
A11: Rural+Urban | B11: 2023 | C11: February | D11: 1896.2 | E11: 382.9 | F11: 199.5 | G11: 550 | H11: 347.7 | I11: 182.1 | J11: 184.4 | K11: 164.2 | L11: 877.6 | N11: =(D11-D10)/D10*100 -> 0.46092715 | Q11: =(E11-E10)/E10*100 -> -5.5034551 | T11: =(F11-F10)/F10*100 -> 0.65590313 | W11: =(G11-G10)/G10*100 -> 0.67728354 | Z11: =(H11-H10)/H10*100 -> 0.7826087 | AC11: =(I11-I10)/I10*100 -> 0.054945055 | AF11: =(J11-J10)/J10*100 -> 1.1519473 | AI11: =(K11-K10)/K10*100 -> 0.36674817 | AL11: =(L11-L10)/L10*100 -> 0.67683836
A12: Rural+Urban | B12: 2023 | C12: March | D12: 1896.3 | E12: 382.9 | F12: 199.5 | G12: 549.9 | H12: 347.7 | I12: 181.9 | J12: 184.4 | K12: 164.2 | L12: 877.6 | N12: =(D12-D11)/D11*100 -> 0.0052737053 | Q12: =(E12-E11)/E11*100 -> 0 | T12: =(F12-F11)/F11*100 -> 0 | W12: =(G12-G11)/G11*100 -> -0.018181818 | Z12: =(H12-H11)/H11*100 -> 0 | AC12: =(I12-I11)/I11*100 -> -0.10982976 | AF12: =(J12-J11)/J11*100 -> 0 | AI12: =(K12-K11)/K11*100 -> 0 | AL12: =(L12-L11)/L11*100 -> 0
A13: Rural+Urban | B13: 2023 | C13: April | D13: 1910.7 | E13: 378.9 | F13: 200.6 | G13: 551.8 | H13: 349.8 | I13: 181.7 | J13: 185 | K13: 164.5 | L13: 884.2 | N13: =(D13-D12)/D12*100 -> 0.75937352 | Q13: =(E13-E12)/E12*100 -> -1.0446592 | T13: =(F13-F12)/F12*100 -> 0.55137845 | W13: =(G13-G12)/G12*100 -> 0.34551737 | Z13: =(H13-H12)/H12*100 -> 0.60396894 | AC13: =(I13-I12)/I12*100 -> -0.10995052 | AF13: =(J13-J12)/J12*100 -> 0.32537961 | AI13: =(K13-K12)/K12*100 -> 0.18270402 | AL13: =(L13-L12)/L12*100 -> 0.75205105
A14: Rural+Urban | B14: 2023 | C14: May | D14: 1919.4 | E14: 387.5 | F14: 201 | G14: 553.2 | H14: 350.8 | I14: 182.8 | J14: 185.7 | K14: 164.8 | L14: 888.3 | N14: =(D14-D13)/D13*100 -> 0.45533051 | Q14: =(E14-E13)/E13*100 -> 2.2697282 | T14: =(F14-F13)/F13*100 -> 0.19940179 | W14: =(G14-G13)/G13*100 -> 0.25371511 | Z14: =(H14-H13)/H13*100 -> 0.28587764 | AC14: =(I14-I13)/I13*100 -> 0.60539351 | AF14: =(J14-J13)/J13*100 -> 0.37837838 | AI14: =(K14-K13)/K13*100 -> 0.18237082 | AL14: =(L14-L13)/L13*100 -> 0.463696

Sheet QUESTION 3(b)
A1: Sector | B1: YEAR | C1: MONTH | D1: Cereals and products | E1: Meat and fish | F1: Egg | G1: Milk and products | H1: Oils and fats | I1: Fruits | J1: Vegetables | K1: Pulses and products | L1: Sugar and Confectionery | M1: Spices | N1: Non-alcoholic beverages | O1: Prepared meals, snacks, sweets etc. | P1: Food and beverages
A2: Rural+Urban | B2: 2022 | C2: May | D2: 154.1 | E2: 217 | F2: 162.4 | G2: 164.9 | H2: 202.4 | I2: 171 | J2: 174.9 | K2: 164.7 | L2: 119.7 | M2: 184.9 | N2: 167.1 | O2: 182.5 | P2: 173.3
A3: Rural+Urban | B3: 2022 | C3: June | D3: 155 | E3: 219.4 | F3: 170.8 | G3: 165.8 | H3: 200.9 | I3: 169.7 | J3: 182.3 | K3: 164.3 | L3: 119.9 | M3: 187.1 | N3: 167.9 | O3: 183.9 | P3: 174.9
A4: Rural+Urban | B4: 2022 | C4: July | D4: 156.5 | E4: 213 | F4: 175.2 | G4: 166.6 | H4: 195.8 | I4: 174.2 | J4: 182.1 | K4: 164.3 | L4: 120 | M4: 190 | N4: 168.4 | O4: 185.2 | P4: 175
A5: Rural+Urban | B5: 2022 | C5: August | D5: 160.3 | E5: 206.5 | F5: 169.2 | G5: 168.1 | H5: 192.4 | I5: 172.9 | J5: 186.7 | K5: 167.2 | L5: 120.9 | M5: 193.6 | N5: 168.8 | O5: 186.3 | P5: 176.3
A6: Rural+Urban | B6: 2022 | C6: September | D6: 163.5 | E6: 209.2 | F6: 169.7 | G6: 169.7 | H6: 188.7 | I6: 165.7 | J6: 191.8 | K6: 169.1 | L6: 121.6 | M6: 197.3 | N6: 169.4 | O6: 187.4 | P6: 177.8
A7: Rural+Urban | B7: 2022 | C7: October | D7: 165.2 | E7: 210.9 | F7: 170.9 | G7: 170.9 | H7: 186.5 | I7: 163.8 | J7: 199.7 | K7: 169.8 | L7: 121.9 | M7: 199.9 | N7: 169.9 | O7: 188.3 | P7: 179.6
A8: Rural+Urban | B8: 2022 | C8: November | D8: 167.4 | E8: 209.4 | F8: 181.4 | G8: 172.3 | H8: 188.9 | I8: 160.7 | J8: 183.1 | K8: 170.5 | L8: 122.1 | M8: 202.8 | N8: 170.4 | O8: 189.5 | P8: 178.3
A9: Rural+Urban | B9: 2022 | C9: December | D9: 169.2 | E9: 209 | F9: 190.2 | G9: 173.6 | H9: 188.5 | I9: 158 | J9: 159.9 | K9: 170.8 | L9: 121.8 | M9: 205.2 | N9: 171 | O9: 190.3 | P9: 175.9
A10: Rural+Urban | B10: 2023 | C10: January | D10: 173.8 | E10: 210.7 | F10: 194.5 | G10: 174.6 | H10: 187.2 | I10: 158.3 | J10: 153.9 | K10: 170.9 | L10: 121.1 | M10: 208.4 | N10: 171.4 | O10: 191.2 | P10: 176.7
A11: Rural+Urban | B11: 2023 | C11: February | D11: 174.4 | E11: 207.7 | F11: 175.2 | G11: 177.3 | H11: 179.3 | I11: 169.5 | J11: 152.7 | K11: 171 | L11: 120 | M11: 209.7 | N11: 172.3 | O11: 193 | P11: 177
A12: Rural+Urban | B12: 2023 | C12: March | D12: 174.4 | E12: 207.7 | F12: 175.2 | G12: 177.3 | H12: 179.2 | I12: 169.5 | J12: 152.8 | K12: 171.1 | L12: 120 | M12: 209.7 | N12: 172.3 | O12: 193 | P12: 177
A13: Rural+Urban | B13: 2023 | C13: April | D13: 173.8 | E13: 209.3 | F13: 169.6 | G13: 178.4 | H13: 174.9 | I13: 176.3 | J13: 155.4 | K13: 173.4 | L13: 121.3 | M13: 212.9 | N13: 172.9 | O13: 193.5 | P13: 177.9
A14: Rural+Urban | B14: 2023 | C14: May | D14: 173.7 | E14: 214.3 | F14: 173.2 | G14: 179.5 | H14: 170 | I14: 172.2 | J14: 161 | K14: 175.6 | L14: 122.7 | M14: 218 | N14: 173.4 | O14: 194.2 | P14: 179.1
C15: SUM
A16: ABSOLUTE CHANGE IN INFLATION
A18: Sector | B18: Year | C18: Month | D18: Cereals and products | E18: Meat and Fish | F18: Egg | G18: Milk and Pulses | H18: Oil and Fats | I18: Fruits | J18: Vegetables | K18: Pulses and Products | L18: Sugar and confectionary | M18: Spices | N18: Non-alcoholic beverages | O18: Prepared meals,snacks,sweets etc | P18: Food and beverages
A19: Rural+Urban | B19: 2022 | C19: June | D19: =(D3-D2)/D2 -> 0.0058403634 | E19: =(E3-E2)/E2 -> 0.011059908 | F19: =(F3-F2)/F2 -> 0.051724138 | G19: =(G3-G2)/G2 -> 0.0054578532 | H19: =(H3-H2)/H2 -> -0.0074110672 | I19: =(I3-I2)/I2 -> -0.0076023392 | J19: =(J3-J2)/J2 -> 0.042309891 | K19: =(K3-K2)/K2 -> -0.0024286582 | ... P19: =(P3-P2)/P2 -> 0.0092325447
A20: Rural+Urban | B20: 2022 | C20: July | D20: =(D4-D3)/D3 -> 0.0096774194 | E20: =(E4-E3)/E3 -> -0.029170465 | F20: =(F4-F3)/F3 -> 0.025761124 | G20: =(G4-G3)/G3 -> 0.0048250905 | H20: =(H4-H3)/H3 -> -0.025385764 | I20: =(I4-I3)/I3 -> 0.026517384 | J20: =(J4-J3)/J3 -> -0.0010970927 | K20: =(K4-K3)/K3 -> 0 | ... P20: =(P4-P3)/P3 -> 0.00057175529
A21: Rural+Urban | B21: 2022 | C21: August | D21: =(D5-D4)/D4 -> 0.02428115 | E21: =(E5-E4)/E4 -> -0.030516432 | F21: =(F5-F4)/F4 -> -0.034246575 | G21: =(G5-G4)/G4 -> 0.0090036014 | H21: =(H5-H4)/H4 -> -0.017364658 | I21: =(I5-I4)/I4 -> -0.0074626866 | J21: =(J5-J4)/J4 -> 0.025260846 | K21: =(K5-K4)/K4 -> 0.017650639 | ... P21: =(P5-P4)/P4 -> 0.0074285714
A22: Rural+Urban | B22: 2022 | C22: September | D22: =(D6-D5)/D5 -> 0.01996257 | E22: =(E6-E5)/E5 -> 0.013075061 | F22: =(F6-F5)/F5 -> 0.0029550827 | G22: =(G6-G5)/G5 -> 0.009518144 | H22: =(H6-H5)/H5 -> -0.019230769 | I22: =(I6-I5)/I5 -> -0.041642568 | J22: =(J6-J5)/J5 -> 0.027316551 | K22: =(K6-K5)/K5 -> 0.011363636 | ... P22: =(P6-P5)/P5 -> 0.0085082246
A23: Rural+Urban | B23: 2022 | C23: October | D23: =(D7-D6)/D6 -> 0.010397554 | E23: =(E7-E6)/E6 -> 0.008126195 | F23: =(F7-F6)/F6 -> 0.0070713023 | G23: =(G7-G6)/G6 -> 0.0070713023 | H23: =(H7-H6)/H6 -> -0.011658718 | I23: =(I7-I6)/I6 -> -0.011466506 | J23: =(J7-J6)/J6 -> 0.041188738 | K23: =(K7-K6)/K6 -> 0.0041395624 | ... P23: =(P7-P6)/P6 -> 0.010123735
A24: Rural+Urban | B24: 2022 | C24: November | D24: =(D8-D7)/D7 -> 0.013317191 | E24: =(E8-E7)/E7 -> -0.0071123755 | F24: =(F8-F7)/F7 -> 0.061439438 | G24: =(G8-G7)/G7 -> 0.0081919251 | H24: =(H8-H7)/H7 -> 0.012868633 | I24: =(I8-I7)/I7 -> -0.018925519 | J24: =(J8-J7)/J7 -> -0.083124687 | K24: =(K8-K7)/K7 -> 0.0041224971 | ... P24: =(P8-P7)/P7 -> -0.0072383073
A25: Rural+Urban | B25: 2022 | C25: December | D25: =(D9-D8)/D8 -> 0.010752688 | E25: =(E9-E8)/E8 -> -0.0019102197 | F25: =(F9-F8)/F8 -> 0.048511577 | G25: =(G9-G8)/G8 -> 0.0075449797 | H25: =(H9-H8)/H8 -> -0.0021175225 | I25: =(I9-I8)/I8 -> -0.016801493 | J25: =(J9-J8)/J8 -> -0.12670672 | K25: =(K9-K8)/K8 -> 0.0017595308 | ... P25: =(P9-P8)/P8 -> -0.01346046
A26: Rural+Urban | B26: 2023 | C26: January | D26: =(D10-D9)/D9 -> 0.027186761 | E26: =(E10-E9)/E9 -> 0.0081339713 | F26: =(F10-F9)/F9 -> 0.022607781 | G26: =(G10-G9)/G9 -> 0.0057603687 | H26: =(H10-H9)/H9 -> -0.0068965517 | I26: =(I10-I9)/I9 -> 0.0018987342 | J26: =(J10-J9)/J9 -> -0.037523452 | K26: =(K10-K9)/K9 -> 0.00058548009 | ... P26: =(P10-P9)/P9 -> 0.0045480387
A27: Rural+Urban | B27: 2023 | C27: February | D27: =(D11-D10)/D10 -> 0.003452244 | E27: =(E11-E10)/E10 -> -0.014238253 | F27: =(F11-F10)/F10 -> -0.099228792 | G27: =(G11-G10)/G10 -> 0.015463918 | H27: =(H11-H10)/H10 -> -0.042200855 | I27: =(I11-I10)/I10 -> 0.070751737 | J27: =(J11-J10)/J10 -> -0.007797271 | K27: =(K11-K10)/K10 -> 0.00058513751 | ... P27: =(P11-P10)/P10 -> 0.0016977929
A28: Rural+Urban | B28: 2023 | C28: March | D28: =(D12-D11)/D11 -> 0 | E28: =(E12-E11)/E11 -> 0 | F28: =(F12-F11)/F11 -> 0 | G28: =(G12-G11)/G11 -> 0 | H28: =(H12-H11)/H11 -> -0.00055772448 | I28: =(I12-I11)/I11 -> 0 | J28: =(J12-J11)/J11 -> 0.00065487885 | K28: =(K12-K11)/K11 -> 0.00058479532 | ... P28: =(P12-P11)/P11 -> 0
A29: Rural+Urban | B29: 2023 | C29: April | D29: =(D13-D12)/D12 -> -0.003440367 | E29: =(E13-E12)/E12 -> 0.0077034184 | F29: =(F13-F12)/F12 -> -0.03196347 | G29: =(G13-G12)/G12 -> 0.0062041737 | H29: =(H13-H12)/H12 -> -0.023995536 | I29: =(I13-I12)/I12 -> 0.040117994 | J29: =(J13-J12)/J12 -> 0.017015707 | K29: =(K13-K12)/K12 -> 0.013442431 | ... P29: =(P13-P12)/P12 -> 0.0050847458
A30: Rural+Urban | B30: 2023 | C30: May | D30: =(D14-D13)/D13 -> -0.00057537399 | E30: =(E14-E13)/E13 -> 0.023889154 | F30: =(F14-F13)/F13 -> 0.021226415 | G30: =(G14-G13)/G13 -> 0.0061659193 | H30: =(H14-H13)/H13 -> -0.028016009 | I30: =(I14-I13)/I13 -> -0.023255814 | J30: =(J14-J13)/J13 -> 0.036036036 | K30: =(K14-K13)/K13 -> 0.012687428 | ... P30: =(P14-P13)/P13 -> 0.0067453626
C31: SUM | D31: =SUM(D19:D30) -> 0.1208522 | E31: =SUM(E19:E30) -> -0.010960038 | F31: =SUM(F19:F30) -> 0.075858021 | G31: =SUM(G19:G30) -> 0.085207275 | H31: =SUM(H19:H30) -> -0.17196654 | I31: =SUM(I19:I30) -> 0.012128923 | J31: =SUM(J19:J30) -> -0.066466573 | K31: =SUM(K19:K30) -> 0.06449248 | ... P31: =SUM(P19:P30) -> 0.033242003

Sheet QUESTION 4
A1: Sector | B1: Year | C1: Month | D1: FOOD | E1: Health | F1: TOTAL | G1: DATE | H1: COVID_PHASE | I1: FOOD INFLATION | J1: HEALTH INFLATION | K1: TOTAL INFLATION
A2: Rural+Urban | B2: 2019 | C2: January | D2: 1461.8 | E2: 145.1 | F2: 3745 | G2: =DATE(B2,MATCH(C2,{"JANUARY","FEBRUARY","MARCH","APRIL","MAY","JUNE","JULY","AUGUST","SEPTEMBER","OCTOBER","NOVEMBER","DECEMBER"},0),1) -> 43466 | H2: =IF(AND(B2=2020,OR(C2="JANUARY",C2="FEBRUARY")),"PRE-COVID",IF(B2<2020,"PRE-COVID","POST-COVID")) -> PRE-COVID | L2: =AVERAGEIF(H2:H36,"PRE-COVID",I13:I36) -> 7.0404561 | M2: FOOD AVERAGE PRE-COVID
A3: Rural+Urban | B3: 2019 | C3: February | D3: 1463.6 | E3: 145.6 | F3: 3753.3 | G3: =DATE(B3,MATCH(C3,{"JANUARY","FEBRUARY","MARCH","APRIL","MAY","JUNE","JULY","AUGUST","SEPTEMBER","OCTOBER","NOVEMBER","DECEMBER"},0),1) -> 43497 | H3: =IF(AND(B3=2020,OR(C3="JANUARY",C3="FEBRUARY")),"PRE-COVID",IF(B3<2020,"PRE-COVID","POST-COVID")) -> PRE-COVID | L3: =AVERAGEIF(H2:H36,"PRE-COVID",J13:J36) -> 4.0332825 | M3: HEALTH AVERAGE PRE-COVID
A4: Rural+Urban | B4: 2019 | C4: March | D4: 1469.6 | E4: 146.2 | F4: 3763.7 | G4: =DATE(B4,MATCH(C4,{"JANUARY","FEBRUARY","MARCH","APRIL","MAY","JUNE","JULY","AUGUST","SEPTEMBER","OCTOBER","NOVEMBER","DECEMBER"},0),1) -> 43525 | H4: =IF(AND(B4=2020,OR(C4="JANUARY",C4="FEBRUARY")),"PRE-COVID",IF(B4<2020,"PRE-COVID","POST-COVID")) -> PRE-COVID | L4: =AVERAGEIF(H2:H36,"PRE-COVID",K13:K36) -> 5.847341 | M4: TOTAL AVERAGE PRE-COVID
A5: Rural+Urban | B5: 2019 | C5: May | D5: 1497.4 | E5: 146.9 | F5: 3802.4 | G5: =DATE(B5,MATCH(C5,{"JANUARY","FEBRUARY","MARCH","APRIL","MAY","JUNE","JULY","AUGUST","SEPTEMBER","OCTOBER","NOVEMBER","DECEMBER"},0),1) -> 43586 | H5: =IF(AND(B5=2020,OR(C5="JANUARY",C5="FEBRUARY")),"PRE-COVID",IF(B5<2020,"PRE-COVID","POST-COVID")) -> PRE-COVID
A6: Rural+Urban | B6: 2019 | C6: June | D6: 1514.2 | E6: 147.4 | F6: 3829.7 | G6: =DATE(B6,MATCH(C6,{"JANUARY","FEBRUARY","MARCH","APRIL","MAY","JUNE","JULY","AUGUST","SEPTEMBER","OCTOBER","NOVEMBER","DECEMBER"},0),1) -> 43617 | H6: =IF(AND(B6=2020,OR(C6="JANUARY",C6="FEBRUARY")),"PRE-COVID",IF(B6<2020,"PRE-COVID","POST-COVID")) -> PRE-COVID | L6: =AVERAGEIF(H2:H36,"POST-COVID",I13:I36) -> 5.5016604 | M6: FOOD AVERAGE POST- COVID
A7: Rural+Urban | B7: 2019 | C7: July | D7: 1534.8 | E7: 147.9 | F7: 3861.2 | G7: =DATE(B7,MATCH(C7,{"JANUARY","FEBRUARY","MARCH","APRIL","MAY","JUNE","JULY","AUGUST","SEPTEMBER","OCTOBER","NOVEMBER","DECEMBER"},0),1) -> 43647 | H7: =IF(AND(B7=2020,OR(C7="JANUARY",C7="FEBRUARY")),"PRE-COVID",IF(B7<2020,"PRE-COVID","POST-COVID")) -> PRE-COVID | L7: =AVERAGEIF(H2:H36,"POST-COVID",J13:J36) -> 7.427072 | M7: HEALTH AVERAGE POST-COVID
A8: Rural+Urban | B8: 2019 | C8: August | D8: 1547.4 | E8: 148.5 | F8: 3878.2 | G8: =DATE(B8,MATCH(C8,{"JANUARY","FEBRUARY","MARCH","APRIL","MAY","JUNE","JULY","AUGUST","SEPTEMBER","OCTOBER","NOVEMBER","DECEMBER"},0),1) -> 43678 | H8: =IF(AND(B8=2020,OR(C8="JANUARY",C8="FEBRUARY")),"PRE-COVID",IF(B8<2020,"PRE-COVID","POST-COVID")) -> PRE-COVID | L8: =AVERAGEIF(H2:H36,"POST-COVID",K13:K36) -> 6.3020527 | M8: TOTAL AVERAGE POST-COVID
A9: Rural+Urban | B9: 2019 | C9: September | D9: 1557.3 | E9: 149 | F9: 3895.7 | G9: =DATE(B9,MATCH(C9,{"JANUARY","FEBRUARY","MARCH","APRIL","MAY","JUNE","JULY","AUGUST","SEPTEMBER","OCTOBER","NOVEMBER","DECEMBER"},0),1) -> 43709 | H9: =IF(AND(B9=2020,OR(C9="JANUARY",C9="FEBRUARY")),"PRE-COVID",IF(B9<2020,"PRE-COVID","POST-COVID")) -> PRE-COVID
A10: Rural+Urban | B10: 2019 | C10: October | D10: 1582 | E10: 149.4 | F10: 3930.7 | G10: =DATE(B10,MATCH(C10,{"JANUARY","FEBRUARY","MARCH","APRIL","MAY","JUNE","JULY","AUGUST","SEPTEMBER","OCTOBER","NOVEMBER","DECEMBER"},0),1) -> 43739 | H10: =IF(AND(B10=2020,OR(C10="JANUARY",C10="FEBRUARY")),"PRE-COVID",IF(B10<2020,"PRE-COVID","POST-COVID")) -> PRE-COVID
A11: Rural+Urban | B11: 2019 | C11: November | D11: 1602.1 | E11: 149.9 | F11: 3963.7 | G11: =DATE(B11,MATCH(C11,{"JANUARY","FEBRUARY","MARCH","APRIL","MAY","JUNE","JULY","AUGUST","SEPTEMBER","OCTOBER","NOVEMBER","DECEMBER"},0),1) -> 43770 | H11: =IF(AND(B11=2020,OR(C11="JANUARY",C11="FEBRUARY")),"PRE-COVID",IF(B11<2020,"PRE-COVID","POST-COVID")) -> PRE-COVID
A12: Rural+Urban | B12: 2019 | C12: December | D12: 1630 | E12: 150.4 | F12: 4009 | G12: =DATE(B12,MATCH(C12,{"JANUARY","FEBRUARY","MARCH","APRIL","MAY","JUNE","JULY","AUGUST","SEPTEMBER","OCTOBER","NOVEMBER","DECEMBER"},0),1) -> 43800 | H12: =IF(AND(B12=2020,OR(C12="JANUARY",C12="FEBRUARY")),"PRE-COVID",IF(B12<2020,"PRE-COVID","POST-COVID")) -> PRE-COVID
A13: Rural+Urban | B13: 2020 | C13: January | D13: 1618.1 | E13: 151.2 | F13: 4012.4 | G13: =DATE(B13,MATCH(C13,{"JANUARY","FEBRUARY","MARCH","APRIL","MAY","JUNE","JULY","AUGUST","SEPTEMBER","OCTOBER","NOVEMBER","DECEMBER"},0),1) -> 43831 | H13: =IF(AND(B13=2020,OR(C13="JANUARY",C13="FEBRUARY")),"PRE-COVID",IF(B13<2020,"PRE-COVID","POST-COVID")) -> PRE-COVID | I13: =(D13-D2)/D2*100 -> 10.692297 | J13: =(E13-E2)/E2*100 -> 4.2039972 | K13: =(F13-F2)/F2*100 -> 7.1401869
A14: Rural+Urban | B14: 2020 | C14: February | D14: 1592.3 | E14: 151.7 | F14: 3989.6 | G14: =DATE(B14,MATCH(C14,{"JANUARY","FEBRUARY","MARCH","APRIL","MAY","JUNE","JULY","AUGUST","SEPTEMBER","OCTOBER","NOVEMBER","DECEMBER"},0),1) -> 43862 | H14: =IF(AND(B14=2020,OR(C14="JANUARY",C14="FEBRUARY")),"PRE-COVID",IF(B14<2020,"PRE-COVID","POST-COVID")) -> PRE-COVID | I14: =(D14-D3)/D3*100 -> 8.7933862 | J14: =(E14-E3)/E3*100 -> 4.1895604 | K14: =(F14-F3)/F3*100 -> 6.295793
A15: Rural+Urban | B15: 2020 | C15: March | D15: 1580.3 | E15: 152.3 | F15: 3978.9 | G15: =DATE(B15,MATCH(C15,{"JANUARY","FEBRUARY","MARCH","APRIL","MAY","JUNE","JULY","AUGUST","SEPTEMBER","OCTOBER","NOVEMBER","DECEMBER"},0),1) -> 43891 | H15: =IF(AND(B15=2020,OR(C15="JANUARY",C15="FEBRUARY")),"PRE-COVID",IF(B15<2020,"PRE-COVID","POST-COVID")) -> POST-COVID | I15: =(D15-D4)/D4*100 -> 7.5326619 | J15: =(E15-E4)/E4*100 -> 4.1723666 | K15: =(F15-F4)/F4*100 -> 5.7177777
A16: Rural+Urban | B16: 2020 | C16: April | D16: 1633.1 | E16: 150.7 | F16: 4024.4 | G16: =DATE(B16,MATCH(C16,{"JANUARY","FEBRUARY","MARCH","APRIL","MAY","JUNE","JULY","AUGUST","SEPTEMBER","OCTOBER","NOVEMBER","DECEMBER"},0),1) -> 43922 | H16: =IF(AND(B16=2020,OR(C16="JANUARY",C16="FEBRUARY")),"PRE-COVID",IF(B16<2020,"PRE-COVID","POST-COVID")) -> POST-COVID | I16: =(D16-D5)/D5*100 -> 9.0623748 | J16: =(E16-E5)/E5*100 -> 2.5867937 | K16: =(F16-F5)/F5*100 -> 5.8384178
A17: Rural+Urban | B17: 2020 | C17: May | D17: 1603.6567 | E17: 150.7 | F17: 3950.8567 | G17: =DATE(B17,MATCH(C17,{"JANUARY","FEBRUARY","MARCH","APRIL","MAY","JUNE","JULY","AUGUST","SEPTEMBER","OCTOBER","NOVEMBER","DECEMBER"},0),1) -> 43952 | H17: =IF(AND(B17=2020,OR(C17="JANUARY",C17="FEBRUARY")),"PRE-COVID",IF(B17<2020,"PRE-COVID","POST-COVID")) -> POST-COVID | I17: =(D17-D6)/D6*100 -> 5.9078501 | J17: =(E17-E6)/E6*100 -> 2.238806 | K17: =(F17-F6)/F6*100 -> 3.1636072
A18: Rural+Urban | B18: 2020 | C18: June | D18: 1622.7 | E18: 154.4 | F18: 4086.1 | G18: =DATE(B18,MATCH(C18,{"JANUARY","FEBRUARY","MARCH","APRIL","MAY","JUNE","JULY","AUGUST","SEPTEMBER","OCTOBER","NOVEMBER","DECEMBER"},0),1) -> 43983 | H18: =IF(AND(B18=2020,OR(C18="JANUARY",C18="FEBRUARY")),"PRE-COVID",IF(B18<2020,"PRE-COVID","POST-COVID")) -> POST-COVID | I18: =(D18-D7)/D7*100 -> 5.7271306 | J18: =(E18-E7)/E7*100 -> 4.3948614 | K18: =(F18-F7)/F7*100 -> 5.8246141
A19: Rural+Urban | B19: 2020 | C19: July | D19: 1622.7 | E19: 154.4 | F19: 4086.1 | G19: =DATE(B19,MATCH(C19,{"JANUARY","FEBRUARY","MARCH","APRIL","MAY","JUNE","JULY","AUGUST","SEPTEMBER","OCTOBER","NOVEMBER","DECEMBER"},0),1) -> 44013 | H19: =IF(AND(B19=2020,OR(C19="JANUARY",C19="FEBRUARY")),"PRE-COVID",IF(B19<2020,"PRE-COVID","POST-COVID")) -> POST-COVID | I19: =(D19-D8)/D8*100 -> 4.8662272 | J19: =(E19-E8)/E8*100 -> 3.973064 | K19: =(F19-F8)/F8*100 -> 5.3607344
A20: Rural+Urban | B20: 2020 | C20: August | D20: 1653.5 | E20: 155 | F20: 4128.1 | G20: =DATE(B20,MATCH(C20,{"JANUARY","FEBRUARY","MARCH","APRIL","MAY","JUNE","JULY","AUGUST","SEPTEMBER","OCTOBER","NOVEMBER","DECEMBER"},0),1) -> 44044 | H20: =IF(AND(B20=2020,OR(C20="JANUARY",C20="FEBRUARY")),"PRE-COVID",IF(B20<2020,"PRE-COVID","POST-COVID")) -> POST-COVID | I20: =(D20-D9)/D9*100 -> 6.1773582 | J20: =(E20-E9)/E9*100 -> 4.0268456 | K20: =(F20-F9)/F9*100 -> 5.9655518
A21: Rural+Urban | B21: 2020 | C21: September | D21: 1667.4 | E21: 155.6 | F21: 4151.4 | G21: =DATE(B21,MATCH(C21,{"JANUARY","FEBRUARY","MARCH","APRIL","MAY","JUNE","JULY","AUGUST","SEPTEMBER","OCTOBER","NOVEMBER","DECEMBER"},0),1) -> 44075 | H21: =IF(AND(B21=2020,OR(C21="JANUARY",C21="FEBRUARY")),"PRE-COVID",IF(B21<2020,"PRE-COVID","POST-COVID")) -> POST-COVID | I21: =(D21-D10)/D10*100 -> 5.3982301 | J21: =(E21-E10)/E10*100 -> 4.1499331 | K21: =(F21-F10)/F10*100 -> 5.614776
A22: Rural+Urban | B22: 2020 | C22: October | D22: 1698.3 | E22: 156.3 | F22: 4197.5 | G22: =DATE(B22,MATCH(C22,{"JANUARY","FEBRUARY","MARCH","APRIL","MAY","JUNE","JULY","AUGUST","SEPTEMBER","OCTOBER","NOVEMBER","DECEMBER"},0),1) -> 44105 | H22: =IF(AND(B22=2020,OR(C22="JANUARY",C22="FEBRUARY")),"PRE-COVID",IF(B22<2020,"PRE-COVID","POST-COVID")) -> POST-COVID | I22: =(D22-D11)/D11*100 -> 6.0046189 | J22: =(E22-E11)/E11*100 -> 4.269513 | K22: =(F22-F11)/F11*100 -> 5.8985292
A23: Rural+Urban | B23: 2020 | C23: November | D23: 1731 | E23: 157.2 | F23: 4253.8 | G23: =DATE(B23,MATCH(C23,{"JANUARY","FEBRUARY","MARCH","APRIL","MAY","JUNE","JULY","AUGUST","SEPTEMBER","OCTOBER","NOVEMBER","DECEMBER"},0),1) -> 44136 | H23: =IF(AND(B23=2020,OR(C23="JANUARY",C23="FEBRUARY")),"PRE-COVID",IF(B23<2020,"PRE-COVID","POST-COVID")) -> POST-COVID | I23: =(D23-D12)/D12*100 -> 6.196319 | J23: =(E23-E12)/E12*100 -> 4.5212766 | K23: =(F23-F12)/F12*100 -> 6.1062609
A24: Rural+Urban | B24: 2020 | C24: December | D24: 1742.8 | E24: 158.3 | F24: 4275.3 | G24: =DATE(B24,MATCH(C24,{"JANUARY","FEBRUARY","MARCH","APRIL","MAY","JUNE","JULY","AUGUST","SEPTEMBER","OCTOBER","NOVEMBER","DECEMBER"},0),1) -> 44166 | H24: =IF(AND(B24=2020,OR(C24="JANUARY",C24="FEBRUARY")),"PRE-COVID",IF(B24<2020,"PRE-COVID","POST-COVID")) -> POST-COVID | I24: =(D24-D13)/D13*100 -> 7.7065694 | J24: =(E24-E13)/E13*100 -> 4.6957672 | K24: =(F24-F13)/F13*100 -> 6.5521882
... A36: Rural+Urban | B36: 2021 | C36: December | D36: 1804.2 | E36: 170.6 | F36: 4497.3 | G36: =DATE(B36,MATCH(C36,{"JANUARY","FEBRUARY","MARCH","APRIL","MAY","JUNE","JULY","AUGUST","SEPTEMBER","OCTOBER","NOVEMBER","DECEMBER"},0),1) -> 44531 | H36: =IF(AND(B36=2020,OR(C36="JANUARY",C36="FEBRUARY")),"PRE-COVID",IF(B36<2020,"PRE-COVID","POST-COVID")) -> POST-COVID | I36: =(D36-D25)/D25*100 -> 5.4409444 | J36: =(E36-E25)/E25*100 -> 7.0935342 | K36: =(F36-F25)/F25*100 -> 5.808865

Sheet QUESTION 5
A1: Sector | B1: Year | C1: Month | D1: Fuel and light | E1: FOOD | F1: MEAT FISH AND EGG | G1: Pan, tobacco and intoxicants | H1: WEARABLE | I1: HOUSING | J1: Health | K1: Transport and communication | L1: OTHERS | M1: Fuel and light | N1: FOOD INFLATION | O1: MEAT FISH AND EGG INFLATION | P1: PAN,TOBACCO AND INTOXICANTS | Q1: WEARABLE INFLATION | R1: HOUSING INFLATION | S1: HEALTH INFLATION | T1: TRANSPORT INFLATION | U1: OTHER INFLATION
A2: Rural+Urban | B2: 2021 | C2: January | D2: 147.9 | E2: 1711.1 | F2: 365.4 | G2: 186.5 | H2: 455.8 | I2: 307.7 | J2: 159.3 | K2: 141.9 | L2: 774.8
A3: Rural+Urban | B3: 2021 | C3: February | D3: 152.4 | E3: 1684.1 | F3: 355.2 | G3: 188.3 | H3: 460.4 | I3: 310.7 | J3: 161.3 | K3: 145.1 | L3: 776.8 | M3: =(D3-D2)/D2*100 -> 3.0425963 | N3: =(E3-E2)/E2*100 -> -1.5779323 | O3: =(F3-F2)/F2*100 -> -2.7914614 | P3: =(G3-G2)/G2*100 -> 0.96514745 | Q3: =(H3-H2)/H2*100 -> 1.0092146 | R3: =(I3-I2)/I2*100 -> 0.97497563 | S3: =(J3-J2)/J2*100 -> 1.2554928 | T3: =(K3-K2)/K2*100 -> 2.2551092 | U3: =(L3-L2)/L2*100 -> 0.25813113 | W3: =CORREL(M3:M30,N3:N30) -> 0.11142559 | X3: CORRELATION BETWEEN OIL AND FOOD
A4: Rural+Urban | B4: 2021 | C4: March | D4: 155.5 | E4: 1683.4 | F4: 356 | G4: 188.1 | H4: 462.1 | I4: 311.1 | J4: 161.7 | K4: 146.2 | L4: 777.2 | M4: =(D4-D3)/D3*100 -> 2.0341207 | N4: =(E4-E3)/E3*100 -> -0.041565228 | O4: =(F4-F3)/F3*100 -> 0.22522523 | P4: =(G4-G3)/G3*100 -> -0.10621349 | Q4: =(H4-H3)/H3*100 -> 0.36924414 | R4: =(I4-I3)/I3*100 -> 0.12874155 | S4: =(J4-J3)/J3*100 -> 0.24798512 | T4: =(K4-K3)/K3*100 -> 0.75809786 | U4: =(L4-L3)/L3*100 -> 0.051493306 | W4: =CORREL(M3:M30,O3:O30) -> -0.059621534 | X4: CORRELATION BETWEEN OIL AND FOOD | AA4: MEAT FISH AND EGG
A5: Rural+Urban | B5: 2021 | C5: April | D5: 155.6 | E5: 1701.5 | F5: 362.6 | G5: 188.8 | H5: 464.6 | I5: 313.2 | J5: 162.3 | K5: 146.6 | L5: 781.1 | M5: =(D5-D4)/D4*100 -> 0.064308682 | N5: =(E5-E4)/E4*100 -> 1.0752049 | O5: =(F5-F4)/F4*100 -> 1.8539326 | P5: =(G5-G4)/G4*100 -> 0.37214248 | Q5: =(H5-H4)/H4*100 -> 0.54100844 | R5: =(I5-I4)/I4*100 -> 0.67502411 | S5: =(J5-J4)/J4*100 -> 0.37105751 | T5: =(K5-K4)/K4*100 -> 0.27359781 | U5: =(L5-L4)/L4*100 -> 0.50180134 | W5: =CORREL(M3:M30,P3:P30) -> 0.37473195 | X5: CORRELATION BETWEEN OIL AND PAN TOBACCO AND INTOXICANT
A6: Rural+Urban | B6: 2021 | C6: May | D6: 159.4 | E6: 1734.9 | F6: 370.8 | G6: 191.9 | H6: 474.3 | I6: 316.3 | J6: 165.8 | K6: 148.9 | L6: 792.8 | M6: =(D6-D5)/D5*100 -> 2.4421594 | N6: =(E6-E5)/E5*100 -> 1.9629738 | O6: =(F6-F5)/F5*100 -> 2.2614451 | P6: =(G6-G5)/G5*100 -> 1.6419492 | Q6: =(H6-H5)/H5*100 -> 2.0878175 | R6: =(I6-I5)/I5*100 -> 0.98978289 | S6: =(J6-J5)/J5*100 -> 2.1565003 | T6: =(K6-K5)/K5*100 -> 1.568895 | U6: =(L6-L5)/L5*100 -> 1.4978876 | W6: =CORREL(M3:M30,Q3:Q30) -> 0.54035623 | X6: CORRELATION BETWEEN OIL AND WEARABLE
A7: Rural+Urban | B7: 2021 | C7: June | D7: 159.8 | E7: 1751.2 | F7: 382.7 | G7: 190.8 | H7: 474.7 | I7: 315.3 | J7: 166.3 | K7: 150.7 | L7: 794.3 | M7: =(D7-D6)/D6*100 -> 0.25094103 | N7: =(E7-E6)/E6*100 -> 0.93953542 | O7: =(F7-F6)/F6*100 -> 3.2092772 | P7: =(G7-G6)/G6*100 -> -0.57321522 | Q7: =(H7-H6)/H6*100 -> 0.084334809 | R7: =(I7-I6)/I6*100 -> -0.31615555 | S7: =(J7-J6)/J6*100 -> 0.30156815 | T7: =(K7-K6)/K6*100 -> 1.208865 | U7: =(L7-L6)/L6*100 -> 0.18920283 | W7: =CORREL(M3:M30,R3:R30) -> 0.3968651 | X7: CORRELATION BETWEEN OIL AND HOUSING
A8: Rural+Urban | B8: 2021 | C8: July | D8: 160.7 | E8: 1758 | F8: 389 | G8: 191.2 | H8: 477.3 | I8: 317.3 | J8: 167 | K8: 153.1 | L8: 800.1 | M8: =(D8-D7)/D7*100 -> 0.56320401 | N8: =(E8-E7)/E7*100 -> 0.38830516 | O8: =(F8-F7)/F7*100 -> 1.6461981 | P8: =(G8-G7)/G7*100 -> 0.20964361 | Q8: =(H8-H7)/H7*100 -> 0.54771435 | R8: =(I8-I7)/I7*100 -> 0.63431652 | S8: =(J8-J7)/J7*100 -> 0.42092604 | T8: =(K8-K7)/K7*100 -> 1.592568 | U8: =(L8-L7)/L7*100 -> 0.73020269 | W8: =CORREL(M3:M30,S3:S30) -> 0.46337608 | X8: CORRELATION BETWEEN OIL AND HEALTH
A9: Rural+Urban | B9: 2021 | C9: August | D9: 162.6 | E9: 1765.2 | F9: 376.8 | G9: 192.1 | H9: 483 | I9: 319.6 | J9: 168.4 | K9: 154 | L9: 804.6 | M9: =(D9-D8)/D8*100 -> 1.1823273 | N9: =(E9-E8)/E8*100 -> 0.40955631 | O9: =(F9-F8)/F8*100 -> -3.1362468 | P9: =(G9-G8)/G8*100 -> 0.4707113 | Q9: =(H9-H8)/H8*100 -> 1.1942175 | R9: =(I9-I8)/I8*100 -> 0.72486606 | T9: =(K9-K8)/K8*100 -> 0.58785108 | U9: =(L9-L8)/L8*100 -> 0.5624297 | W9: =CORREL(M3:M30,T3:T30) -> 0.67272795 | X9: CORRELATION BETWEEN OIL AND TRANSPORT
A10: Rural+Urban | B10: 2021 | C10: September | D10: 162.6 | E10: 1765.2 | F10: 376.8 | G10: 192.1 | H10: 483.2 | I10: 319.6 | J10: 168.4 | K10: 154 | L10: 804.6 | M10: =(D10-D9)/D9*100 -> 0 | N10: =(E10-E9)/E9*100 -> 0 | O10: =(F10-F9)/F9*100 -> 0 | P10: =(G10-G9)/G9*100 -> 0 | Q10: =(H10-H9)/H9*100 -> 0.041407867 | R10: =(I10-I9)/I9*100 -> 0 | S10: =(J10-J9)/J9*100 -> 0 | T10: =(K10-K9)/K9*100 -> 0 | U10: =(L10-L9)/L9*100 -> 0 | W10: =CORREL(M3:M30,U3:U30) -> 0.3445887 | X10: CORRELATION BETWEEN OIL AND OTHERS
A11: Rural+Urban | B11: 2021 | C11: October | D11: 164.2 | E11: 1799.7 | F11: 375.8 | G11: 192.7 | H11: 486.3 | I11: 322 | J11: 169.1 | K11: 155.7 | L11: 809.8 | M11: =(D11-D10)/D10*100 -> 0.98400984 | N11: =(E11-E10)/E10*100 -> 1.9544528 | O11: =(F11-F10)/F10*100 -> -0.26539278 | P11: =(G11-G10)/G10*100 -> 0.31233732 | Q11: =(H11-H10)/H10*100 -> 0.64155629 | R11: =(I11-I10)/I10*100 -> 0.75093867 | S11: =(J11-J10)/J10*100 -> 0.41567696 | T11: =(K11-K10)/K10*100 -> 1.1038961 | U11: =(L11-L10)/L10*100 -> 0.64628387
A12: Rural+Urban | B12: 2021 | C12: November | D12: 163.9 | E12: 1819.5 | F12: 374.6 | G12: 192.9 | H12: 490.4 | I12: 323.5 | J12: 169.9 | K12: 154.8 | L12: 814.4 | M12: =(D12-D11)/D11*100 -> -0.18270402 | N12: =(E12-E11)/E11*100 -> 1.1001834 | O12: =(F12-F11)/F11*100 -> -0.31931879 | P12: =(G12-G11)/G11*100 -> 0.10378827 | Q12: =(H12-H11)/H11*100 -> 0.84310097 | R12: =(I12-I11)/I11*100 -> 0.46583851 | S12: =(J12-J11)/J11*100 -> 0.47309284 | T12: =(K12-K11)/K11*100 -> -0.57803468 | U12: =(L12-L11)/L11*100 -> 0.56804149
A13: Rural+Urban | B13: 2021 | C13: December | D13: 164.1 | E13: 1804.2 | F13: 376.7 | G13: 192.4 | H13: 494.2 | I13: 323.6 | J13: 170.6 | K13: 155.7 | L13: 815.8 | M13: =(D13-D12)/D12*100 -> 0.12202563 | N13: =(E13-E12)/E12*100 -> -0.84089035 | O13: =(F13-F12)/F12*100 -> 0.56059797 | P13: =(G13-G12)/G12*100 -> -0.25920166 | Q13: =(H13-H12)/H12*100 -> 0.77487765 | R13: =(I13-I12)/I12*100 -> 0.030911901 | S13: =(J13-J12)/J12*100 -> 0.41200706 | T13: =(K13-K12)/K12*100 -> 0.58139535 | U13: =(L13-L12)/L12*100 -> 0.1719057
A14: Rural+Urban | B14: 2022 | C14: January | D14: 164.2 | E14: 1786.7 | F14: 377.5 | G14: 192.2 | H14: 499.1 | I14: 325.6 | J14: 171.4 | K14: 156.5 | L14: 817.3 | M14: =(D14-D13)/D13*100 -> 0.060938452 | N14: =(E14-E13)/E13*100 -> -0.96995898 | O14: =(F14-F13)/F13*100 -> 0.21237059 | P14: =(G14-G13)/G13*100 -> -0.1039501 | Q14: =(H14-H13)/H13*100 -> 0.99150142 | R14: =(I14-I13)/I13*100 -> 0.61804697 | S14: =(J14-J13)/J13*100 -> 0.46893318 | T14: =(K14-K13)/K13*100 -> 0.51380861 | U14: =(L14-L13)/L13*100 -> 0.1838686
A15: Rural+Urban | B15: 2022 | C15: February | D15: 165.7 | E15: 1784.8 | F15: 376.4 | G15: 192.8 | H15: 502.8 | I15: 327.3 | J15: 172.2 | K15: 156.9 | L15: 821.5 | M15: =(D15-D14)/D14*100 -> 0.9135201 | N15: =(E15-E14)/E14*100 -> -0.1063413 | O15: =(F15-F14)/F14*100 -> -0.29139073 | P15: =(G15-G14)/G14*100 -> 0.31217482 | Q15: =(H15-H14)/H14*100 -> 0.7413344 | R15: =(I15-I14)/I14*100 -> 0.52211302 | S15: =(J15-J14)/J14*100 -> 0.46674446 | T15: =(K15-K14)/K14*100 -> 0.25559105 | U15: =(L15-L14)/L14*100 -> 0.51388719
A16: Rural+Urban | B16: 2022 | C16: March | D16: 167.2 | E16: 1805.7 | F16: 378.5 | G16: 193.7 | H16: 507.8 | I16: 328.1 | J16: 173 | K16: 157.9 | L16: 828.8 | M16: =(D16-D15)/D15*100 -> 0.90525045 | N16: =(E16-E15)/E15*100 -> 1.1709996 | O16: =(F16-F15)/F15*100 -> 0.55791711 | P16: =(G16-G15)/G15*100 -> 0.46680498 | Q16: =(H16-H15)/H15*100 -> 0.99443119 | R16: =(I16-I15)/I15*100 -> 0.24442408 | S16: =(J16-J15)/J15*100 -> 0.46457607 | T16: =(K16-K15)/K15*100 -> 0.63734863 | U16: =(L16-L15)/L15*100 -> 0.88861838
A17: Rural+Urban | B17: 2022 | C17: April | D17: 172.2 | E17: 1838 | F17: 376.3 | G17: 193.9 | H17: 513.2 | I17: 331 | J17: 174 | K17: 162.6 | L17: 837 | M17: =(D17-D16)/D16*100 -> 2.9904306 | N17: =(E17-E16)/E16*100 -> 1.78878 | O17: =(F17-F16)/F16*100 -> -0.58124174 | P17: =(G17-G16)/G16*100 -> 0.10325245 | Q17: =(H17-H16)/H16*100 -> 1.0634108 | R17: =(I17-I16)/I16*100 -> 0.88387687 | S17: =(J17-J16)/J16*100 -> 0.57803468 | T17: =(K17-K16)/K16*100 -> 2.9765674 | U17: =(L17-L16)/L16*100 -> 0.98938224
A18: Rural+Urban | B18: 2022 | C18: May | D18: 174.6 | E18: 1859.5 | F18: 379.4 | G18: 194.1 | H18: 518.6 | I18: 332.7 | J18: 174.8 | K18: 163 | L18: 840.6 | M18: =(D18-D17)/D17*100 -> 1.3937282 | N18: =(E18-E17)/E17*100 -> 1.1697497 | O18: =(F18-F17)/F17*100 -> 0.82381079 | P18: =(G18-G17)/G17*100 -> 0.10314595 | Q18: =(H18-H17)/H17*100 -> 1.0522214 | R18: =(I18-I17)/I17*100 -> 0.51359517 | S18: =(J18-J17)/J17*100 -> 0.45977011 | T18: =(K18-K17)/K17*100 -> 0.24600246 | U18: =(L18-L17)/L17*100 -> 0.43010753
A19: Rural+Urban | B19: 2022 | C19: June | D19: 176 | E19: 1871.7 | F19: 390.2 | G19: 194.3 | H19: 523 | I19: 333.2 | J19: 175.4 | K19: 161.1 | L19: 844.3 | M19: =(D19-D18)/D18*100 -> 0.80183276 | N19: =(E19-E18)/E18*100 -> 0.65609035 | O19: =(F19-F18)/F18*100 -> 2.8465999 | P19: =(G19-G18)/G18*100 -> 0.10303967 | Q19: =(H19-H18)/H18*100 -> 0.8484381 | R19: =(I19-I18)/I18*100 -> 0.15028554 | S19: =(J19-J18)/J18*100 -> 0.34324943 | T19: =(K19-K18)/K18*100 -> -1.1656442 | U19: =(L19-L18)/L18*100 -> 0.44016179
A20: Rural+Urban | B20: 2022 | C20: July | D20: 179.6 | E20: 1878.1 | F20: 388.2 | G20: 194.6 | H20: 526.9 | I20: 335.2 | J20: 176.1 | K20: 161.6 | L20: 849.2 | M20: =(D20-D19)/D19*100 -> 2.0454545 | N20: =(E20-E19)/E19*100 -> 0.34193514 | O20: =(F20-F19)/F19*100 -> -0.51255766 | P20: =(G20-G19)/G19*100 -> 0.15440041 | Q20: =(H20-H19)/H19*100 -> 0.7456979 | R20: =(I20-I19)/I19*100 -> 0.6002401 | S20: =(J20-J19)/J19*100 -> 0.3990878 | T20: =(K20-K19)/K19*100 -> 0.31036623 | U20: =(L20-L19)/L19*100 -> 0.58036243
A21: Rural+Urban | B21: 2022 | C21: August | D21: 178.8 | E21: 1893.5 | F21: 375.7 | G21: 195 | H21: 530.7 | I21: 337.5 | J21: 176.8 | K21: 161.9 | L21: 853.8 | M21: =(D21-D20)/D20*100 -> -0.4454343 | N21: =(E21-E20)/E20*100 -> 0.81997764 | O21: =(F21-F20)/F20*100 -> -3.2199897 | P21: =(G21-G20)/G20*100 -> 0.20554985 | Q21: =(H21-H20)/H20*100 -> 0.72119947 | R21: =(I21-I20)/I20*100 -> 0.68615752 | S21: =(J21-J20)/J20*100 -> 0.39750142 | T21: =(K21-K20)/K20*100 -> 0.18564356 | U21: =(L21-L20)/L20*100 -> 0.54168629
A22: Rural+Urban | B22: 2022 | C22: September | D22: 179.5 | E22: 1902 | F22: 378.9 | G22: 195.9 | H22: 535.1 | I22: 339 | J22: 177.8 | K22: 162.3 | L22: 856.6 | M22: =(D22-D21)/D21*100 -> 0.39149888 | N22: =(E22-E21)/E21*100 -> 0.44890415 | O22: =(F22-F21)/F21*100 -> 0.85174341 | P22: =(G22-G21)/G21*100 -> 0.46153846 | Q22: =(H22-H21)/H21*100 -> 0.82909365 | R22: =(I22-I21)/I21*100 -> 0.44444444 | S22: =(J22-J21)/J21*100 -> 0.56561086 | T22: =(K22-K21)/K21*100 -> 0.24706609 | U22: =(L22-L21)/L21*100 -> 0.32794565
... A30: Rural+Urban | B30: 2023 | C30: May | D30: 182.8 | E30: 1919.4 | F30: 387.5 | G30: 201 | H30: 553.2 | I30: 350.8 | J30: 185.7 | K30: 164.8 | L30: 888.3 | M30: =(D30-D29)/D29*100 -> 0.60539351 | N30: =(E30-E29)/E29*100 -> 0.45533051 | O30: =(F30-F29)/F29*100 -> 2.2697282 | P30: =(G30-G29)/G29*100 -> 0.19940179 | Q30: =(H30-H29)/H29*100 -> 0.25371511 | R30: =(I30-I29)/I29*100 -> 0.28587764 | S30: =(J30-J29)/J29*100 -> 0.37837838 | T30: =(K30-K29)/K29*100 -> 0.18237082 | U30: =(L30-L29)/L29*100 -> 0.463696
